City,Date,Day_of_Week,Month,Season,Public_Holiday,Total_Beds,Available_Beds,ICU_Total,ICU_Available,Ventilators_Total,Ventilators_Available,Staff_On_Duty,Daily_Admissions,Emergency_Admissions,Scheduled_Admissions,Daily_Discharges,Bed_Occupancy_Rate,ICU_Occupancy_Rate,Ventilator_Utilization_Rate,Resource_Shortage_Flag,Shortage_Type
Metro City,2022-01-01,Saturday,1,Winter,1,300,0,50,10,40,23,135,110,47,63,78,100,80,42.5,1,Beds
Metro City,2022-01-02,Sunday,1,Winter,1,300,0,50,5,40,17,121,109,65,44,93,100,90,57.5,1,Beds
Metro City,2022-01-03,Monday,1,Winter,0,300,0,50,9,40,12,112,111,54,57,99,100,82,70,1,Beds
Metro City,2022-01-04,Tuesday,1,Winter,0,300,30,50,23,40,28,139,112,65,47,94,90,54,30,0,
Metro City,2022-01-05,Wednesday,1,Winter,0,300,36,50,16,40,22,123,111,53,58,82,88,68,45,0,
Metro City,2022-01-06,Thursday,1,Winter,0,300,4,50,0,40,9,121,107,46,61,76,98.67,100,77.5,1,Beds
Metro City,2022-01-07,Friday,1,Winter,0,300,0,50,0,40,9,124,114,52,62,84,100,100,77.5,1,Beds
Metro City,2022-01-08,Saturday,1,Winter,1,300,33,50,1,40,14,127,111,52,59,80,89,98,65,1,ICU
Metro City,2022-01-09,Sunday,1,Winter,1,300,0,50,17,40,20,132,109,49,60,91,100,66,50,1,Beds
Metro City,2022-01-10,Monday,1,Winter,0,300,0,50,14,40,16,135,110,53,57,77,100,72,60,1,Beds
Metro City,2022-01-11,Tuesday,1,Winter,0,300,23,50,21,40,26,124,115,58,57,86,92.33,58,35,1,Beds
Metro City,2022-01-12,Wednesday,1,Winter,0,300,0,50,10,40,14,123,111,64,47,92,100,80,65,1,Beds
Metro City,2022-01-13,Thursday,1,Winter,0,300,0,50,13,40,24,114,111,55,56,96,100,74,40,1,Beds
Metro City,2022-01-14,Friday,1,Winter,0,300,38,50,16,40,24,118,110,49,61,96,87.33,68,40,0,
Metro City,2022-01-15,Saturday,1,Winter,1,300,39,50,11,40,20,120,110,63,47,83,87,78,50,0,
Metro City,2022-01-16,Sunday,1,Winter,1,300,0,50,1,40,13,113,114,63,51,93,100,98,67.5,1,Beds
Metro City,2022-01-17,Monday,1,Winter,0,300,24,50,13,40,25,114,108,43,65,89,92,74,37.5,1,Beds
Metro City,2022-01-18,Tuesday,1,Winter,0,300,11,50,0,40,17,120,109,59,50,81,96.33,100,57.5,1,Beds
Metro City,2022-01-19,Wednesday,1,Winter,0,300,2,50,0,40,18,145,112,46,66,103,99.33,100,55,1,Beds
Metro City,2022-01-20,Thursday,1,Winter,0,300,0,50,0,40,10,121,111,64,47,101,100,100,75,1,Beds
Metro City,2022-01-21,Friday,1,Winter,0,300,0,50,0,40,17,109,106,51,55,100,100,100,57.5,1,Beds
Metro City,2022-01-22,Saturday,1,Winter,1,300,0,50,13,40,23,124,112,57,55,81,100,74,42.5,1,Beds
Metro City,2022-01-23,Sunday,1,Winter,1,300,0,50,0,40,17,128,109,54,55,92,100,100,57.5,1,Beds
Metro City,2022-01-24,Monday,1,Winter,0,300,0,50,0,40,14,121,115,66,49,101,100,100,65,1,Beds
Metro City,2022-01-25,Tuesday,1,Winter,0,300,0,50,0,40,7,116,109,47,62,91,100,100,82.5,1,Beds
Metro City,2022-01-26,Wednesday,1,Winter,0,300,0,50,4,40,18,109,107,60,47,78,100,92,55,1,Beds
Metro City,2022-01-27,Thursday,1,Winter,0,300,37,50,6,40,12,121,106,55,51,79,87.67,88,70,0,
Metro City,2022-01-28,Friday,1,Winter,0,300,0,50,0,40,8,117,109,44,65,88,100,100,80,1,Beds
Metro City,2022-01-29,Saturday,1,Winter,1,300,0,50,0,40,18,124,109,49,60,102,100,100,55,1,Beds
Metro City,2022-01-30,Sunday,1,Winter,1,300,0,50,0,40,8,115,113,62,51,86,100,100,80,1,Beds
Metro City,2022-01-31,Monday,1,Winter,0,300,42,50,0,40,9,116,108,55,53,94,86,100,77.5,1,ICU
Metro City,2022-02-01,Tuesday,2,Winter,0,300,0,50,18,40,27,115,114,62,52,80,100,64,32.5,1,Beds
Metro City,2022-02-02,Wednesday,2,Winter,0,300,0,50,19,40,25,99,111,45,66,104,100,62,37.5,1,Beds
Metro City,2022-02-03,Thursday,2,Winter,0,300,0,50,3,40,8,129,110,45,65,94,100,94,80,1,Beds
Metro City,2022-02-04,Friday,2,Winter,0,300,12,50,3,40,19,141,106,62,44,84,96,94,52.5,1,Beds
Metro City,2022-02-05,Saturday,2,Winter,1,300,0,50,0,40,20,118,108,50,58,93,100,100,50,1,Beds
Metro City,2022-02-06,Sunday,2,Winter,1,300,22,50,0,40,12,113,108,62,46,95,92.67,100,70,1,Beds
Metro City,2022-02-07,Monday,2,Winter,0,300,15,50,0,40,8,125,113,50,63,95,95,100,80,1,Beds
Metro City,2022-02-08,Tuesday,2,Winter,0,300,0,50,12,40,24,122,143,71,72,129,100,76,40,1,Beds
Metro City,2022-02-09,Wednesday,2,Winter,0,300,0,50,12,40,22,122,109,54,55,78,100,76,45,1,Beds
Metro City,2022-02-10,Thursday,2,Winter,0,300,0,50,19,40,21,126,112,55,57,80,100,62,47.5,1,Beds
Metro City,2022-02-11,Friday,2,Winter,0,300,29,50,1,40,11,120,113,54,59,85,90.33,98,72.5,1,Beds
Metro City,2022-02-12,Saturday,2,Winter,1,300,0,50,13,40,22,133,112,62,50,94,100,74,45,1,Beds
Metro City,2022-02-13,Sunday,2,Winter,1,300,6,50,0,40,12,100,106,58,48,96,98,100,70,1,Beds
Metro City,2022-02-14,Monday,2,Winter,0,300,10,50,5,40,18,115,109,64,45,76,96.67,90,55,1,Beds
Metro City,2022-02-15,Tuesday,2,Winter,0,300,41,50,8,40,16,122,109,48,61,84,86.33,84,60,0,
Metro City,2022-02-16,Wednesday,2,Winter,0,300,0,50,13,40,22,127,109,53,56,85,100,74,45,1,Beds
Metro City,2022-02-17,Thursday,2,Winter,0,300,36,50,0,40,10,105,109,46,63,78,88,100,75,1,ICU
Metro City,2022-02-18,Friday,2,Winter,0,300,0,50,9,40,14,115,137,58,79,116,100,82,65,1,Beds
Metro City,2022-02-19,Saturday,2,Winter,1,300,0,50,0,40,8,139,108,62,46,91,100,100,80,1,Beds
Metro City,2022-02-20,Sunday,2,Winter,1,300,0,50,20,40,24,125,109,57,52,86,100,60,40,1,Beds
Metro City,2022-02-21,Monday,2,Winter,0,300,0,50,16,40,27,114,142,59,83,127,100,68,32.5,1,Beds
Metro City,2022-02-22,Tuesday,2,Winter,0,300,0,50,1,40,13,126,111,44,67,87,100,98,67.5,1,Beds
Metro City,2022-02-23,Wednesday,2,Winter,0,300,0,50,0,40,18,139,140,64,76,116,100,100,55,1,Beds
Metro City,2022-02-24,Thursday,2,Winter,0,300,0,50,13,40,25,103,139,69,70,108,100,74,37.5,1,Beds
Metro City,2022-02-25,Friday,2,Winter,0,300,0,50,19,40,27,117,107,57,50,79,100,62,32.5,1,Beds
Metro City,2022-02-26,Saturday,2,Winter,1,300,0,50,18,40,23,118,108,54,54,94,100,64,42.5,1,Beds
Metro City,2022-02-27,Sunday,2,Winter,1,300,0,50,15,40,24,109,110,63,47,79,100,70,40,1,Beds
Metro City,2022-02-28,Monday,2,Winter,0,300,0,50,17,40,20,133,109,59,50,77,100,66,50,1,Beds
Metro City,2022-03-01,Tuesday,3,Spring,0,300,28,50,15,40,24,103,84,45,39,62,90.67,70,40,1,Beds
Metro City,2022-03-02,Wednesday,3,Spring,0,300,0,50,4,40,14,129,82,45,37,67,100,92,65,1,Beds
Metro City,2022-03-03,Thursday,3,Spring,0,300,12,50,7,40,19,113,83,43,40,69,96,86,52.5,1,Beds
Metro City,2022-03-04,Friday,3,Spring,0,300,60,50,25,40,27,119,82,46,36,58,80,50,32.5,0,
Metro City,2022-03-05,Saturday,3,Spring,1,300,0,50,15,40,19,110,114,65,49,103,100,70,52.5,1,Beds
Metro City,2022-03-06,Sunday,3,Spring,1,300,48,50,20,40,22,125,84,36,48,65,84,60,45,0,
Metro City,2022-03-07,Monday,3,Spring,0,300,61,50,25,40,28,121,87,51,36,67,79.67,50,30,0,
Metro City,2022-03-08,Tuesday,3,Spring,0,300,0,50,17,40,19,127,82,40,42,65,100,66,52.5,1,Beds
Metro City,2022-03-09,Wednesday,3,Spring,0,300,0,50,16,40,19,107,112,60,52,79,100,68,52.5,1,Beds
Metro City,2022-03-10,Thursday,3,Spring,0,300,26,50,12,40,16,115,83,41,42,65,91.33,76,60,1,Beds
Metro City,2022-03-11,Friday,3,Spring,0,300,0,50,9,40,18,116,80,40,40,60,100,82,55,1,Beds
Metro City,2022-03-12,Saturday,3,Spring,1,300,38,50,10,40,14,111,80,34,46,73,87.33,80,65,0,
Metro City,2022-03-13,Sunday,3,Spring,1,300,58,50,14,40,18,111,83,33,50,69,80.67,72,55,0,
Metro City,2022-03-14,Monday,3,Spring,0,300,38,50,18,40,21,98,84,42,42,70,87.33,64,47.5,0,
Metro City,2022-03-15,Tuesday,3,Spring,0,300,0,50,10,40,22,138,85,39,46,63,100,80,45,1,Beds
Metro City,2022-03-16,Wednesday,3,Spring,0,300,11,50,4,40,21,122,80,33,47,61,96.33,92,47.5,1,Beds
Metro City,2022-03-17,Thursday,3,Spring,0,300,15,50,7,40,16,115,82,46,36,64,95,86,60,1,Beds
Metro City,2022-03-18,Friday,3,Spring,0,300,44,50,3,40,9,114,82,38,44,65,85.33,94,77.5,1,ICU
Metro City,2022-03-19,Saturday,3,Spring,1,300,46,50,12,40,21,127,80,46,34,60,84.67,76,47.5,0,
Metro City,2022-03-20,Sunday,3,Spring,1,300,0,50,7,40,16,131,83,44,39,61,100,86,60,1,Beds
Metro City,2022-03-21,Monday,3,Spring,0,300,11,50,0,40,17,110,84,40,44,67,96.33,100,57.5,1,Beds
Metro City,2022-03-22,Tuesday,3,Spring,0,300,0,50,17,40,24,93,89,42,47,74,100,66,40,1,Beds
Metro City,2022-03-23,Wednesday,3,Spring,0,300,35,50,5,40,14,117,84,47,37,79,88.33,90,65,0,
Metro City,2022-03-24,Thursday,3,Spring,0,300,0,50,0,40,11,124,85,38,47,61,100,100,72.5,1,Beds
Metro City,2022-03-25,Friday,3,Spring,0,300,52,50,11,40,20,112,80,45,35,58,82.67,78,50,0,
Metro City,2022-03-26,Saturday,3,Spring,1,300,0,50,10,40,14,102,81,42,39,64,100,80,65,1,Beds
Metro City,2022-03-27,Sunday,3,Spring,1,300,0,50,12,40,19,120,83,36,47,68,100,76,52.5,1,Beds
Metro City,2022-03-28,Monday,3,Spring,0,300,0,50,0,40,8,118,111,56,55,82,100,100,80,1,Beds
Metro City,2022-03-29,Tuesday,3,Spring,0,300,0,50,16,40,18,119,86,42,44,75,100,68,55,1,Beds
Metro City,2022-03-30,Wednesday,3,Spring,0,300,0,50,0,40,14,130,84,48,36,67,100,100,65,1,Beds
Metro City,2022-03-31,Thursday,3,Spring,0,300,0,50,6,40,14,132,114,62,52,97,100,88,65,1,Beds
Metro City,2022-04-01,Friday,4,Spring,0,300,0,50,2,40,14,104,84,41,43,71,100,96,65,1,Beds
Metro City,2022-04-02,Saturday,4,Spring,1,300,26,50,0,40,20,112,81,39,42,58,91.33,100,50,1,Beds
Metro City,2022-04-03,Sunday,4,Spring,1,300,0,50,0,40,8,130,83,34,49,77,100,100,80,1,Beds
Metro City,2022-04-04,Monday,4,Spring,0,300,39,50,23,40,24,126,86,38,48,81,87,54,40,0,
Metro City,2022-04-05,Tuesday,4,Spring,0,300,0,50,19,40,24,117,115,67,48,94,100,62,40,1,Beds
Metro City,2022-04-06,Wednesday,4,Spring,0,300,20,50,13,40,18,134,88,43,45,81,93.33,74,55,1,Beds
Metro City,2022-04-07,Thursday,4,Spring,0,300,26,50,0,40,14,121,83,43,40,76,91.33,100,65,1,Beds
Metro City,2022-04-08,Friday,4,Spring,0,300,0,50,19,40,24,118,84,33,51,59,100,62,40,1,Beds
Metro City,2022-04-09,Saturday,4,Spring,1,300,22,50,20,40,25,117,80,40,40,70,92.67,60,37.5,1,Beds
Metro City,2022-04-10,Sunday,4,Spring,1,300,9,50,14,40,20,107,81,35,46,75,97,72,50,1,Beds
Metro City,2022-04-11,Monday,4,Spring,0,300,0,50,19,40,25,113,85,37,48,77,100,62,37.5,1,Beds
Metro City,2022-04-12,Tuesday,4,Spring,0,300,32,50,3,40,12,125,84,43,41,69,89.33,94,70,1,ICU
Metro City,2022-04-13,Wednesday,4,Spring,0,300,0,50,7,40,18,112,84,43,41,70,100,86,55,1,Beds
Metro City,2022-04-14,Thursday,4,Spring,0,300,0,50,20,40,22,118,113,61,52,87,100,60,45,1,Beds
Metro City,2022-04-15,Friday,4,Spring,0,300,0,50,12,40,15,120,84,44,40,70,100,76,62.5,1,Beds
Metro City,2022-04-16,Saturday,4,Spring,1,300,28,50,18,40,19,125,85,45,40,72,90.67,64,52.5,1,Beds
Metro City,2022-04-17,Sunday,4,Spring,1,300,0,50,5,40,22,126,113,45,68,94,100,90,45,1,Beds
Metro City,2022-04-18,Monday,4,Spring,0,300,31,50,20,40,26,120,85,44,41,70,89.67,60,35,0,
Metro City,2022-04-19,Tuesday,4,Spring,0,300,48,50,8,40,23,131,83,45,38,74,84,84,42.5,0,
Metro City,2022-04-20,Wednesday,4,Spring,0,300,15,50,0,40,10,112,86,45,41,61,95,100,75,1,Beds
Metro City,2022-04-21,Thursday,4,Spring,0,300,31,50,3,40,12,133,88,49,39,69,89.67,94,70,1,ICU
Metro City,2022-04-22,Friday,4,Spring,0,300,69,50,10,40,22,118,80,43,37,60,77,80,45,0,
Metro City,2022-04-23,Saturday,4,Spring,1,300,33,50,18,40,27,135,84,38,46,74,89,64,32.5,0,
Metro City,2022-04-24,Sunday,4,Spring,1,300,0,50,16,40,22,131,111,48,63,101,100,68,45,1,Beds
Metro City,2022-04-25,Monday,4,Spring,0,300,23,50,9,40,23,129,113,67,46,84,92.33,82,42.5,1,Beds
Metro City,2022-04-26,Tuesday,4,Spring,0,300,65,50,8,40,20,116,84,34,50,71,78.33,84,50,0,
Metro City,2022-04-27,Wednesday,4,Spring,0,300,23,50,2,40,8,113,83,43,40,64,92.33,96,80,1,Beds
Metro City,2022-04-28,Thursday,4,Spring,0,300,13,50,4,40,12,124,84,43,41,59,95.67,92,70,1,Beds
Metro City,2022-04-29,Friday,4,Spring,0,300,42,50,14,40,25,99,83,39,44,58,86,72,37.5,0,
Metro City,2022-04-30,Saturday,4,Spring,1,300,0,50,0,40,12,125,87,36,51,74,100,100,70,1,Beds
Metro City,2022-05-01,Sunday,5,Spring,1,300,28,50,5,40,15,118,116,60,56,103,90.67,90,62.5,1,Beds
Metro City,2022-05-02,Monday,5,Spring,0,300,53,50,20,40,27,119,86,41,45,75,82.33,60,32.5,0,
Metro City,2022-05-03,Tuesday,5,Spring,0,300,50,50,9,40,20,114,83,41,42,69,83.33,82,50,0,
Metro City,2022-05-04,Wednesday,5,Spring,0,300,61,50,16,40,18,112,83,40,43,62,79.67,68,55,0,
Metro City,2022-05-05,Thursday,5,Spring,0,300,17,50,8,40,16,110,85,50,35,60,94.33,84,60,1,Beds
Metro City,2022-05-06,Friday,5,Spring,0,300,10,50,0,40,17,136,83,44,39,78,96.67,100,57.5,1,Beds
Metro City,2022-05-07,Saturday,5,Spring,1,300,21,50,12,40,19,123,86,50,36,64,93,76,52.5,1,Beds
Metro City,2022-05-08,Sunday,5,Spring,1,300,0,50,3,40,19,118,82,42,40,69,100,94,52.5,1,Beds
Metro City,2022-05-09,Monday,5,Spring,0,300,22,50,16,40,25,107,84,46,38,61,92.67,68,37.5,1,Beds
Metro City,2022-05-10,Tuesday,5,Spring,0,300,60,50,12,40,17,100,83,35,48,67,80,76,57.5,0,
Metro City,2022-05-11,Wednesday,5,Spring,0,300,0,50,4,40,15,140,83,46,37,70,100,92,62.5,1,Beds
Metro City,2022-05-12,Thursday,5,Spring,0,300,35,50,11,40,24,115,83,36,47,59,88.33,78,40,0,
Metro City,2022-05-13,Friday,5,Spring,0,300,0,50,17,40,26,130,84,41,43,72,100,66,35,1,Beds
Metro City,2022-05-14,Saturday,5,Spring,1,300,22,50,3,40,10,111,82,36,46,77,92.67,94,75,1,Beds
Metro City,2022-05-15,Sunday,5,Spring,1,300,0,50,0,40,7,119,84,43,41,59,100,100,82.5,1,Beds
Metro City,2022-05-16,Monday,5,Spring,0,300,2,50,19,40,19,129,85,39,46,62,99.33,62,52.5,1,Beds
Metro City,2022-05-17,Tuesday,5,Spring,0,300,61,50,11,40,15,134,86,49,37,68,79.67,78,62.5,0,
Metro City,2022-05-18,Wednesday,5,Spring,0,300,51,50,10,40,17,117,85,43,42,59,83,80,57.5,0,
Metro City,2022-05-19,Thursday,5,Spring,0,300,60,50,12,40,18,131,80,39,41,56,80,76,55,0,
Metro City,2022-05-20,Friday,5,Spring,0,300,43,50,22,40,28,116,82,40,42,57,85.67,56,30,0,
Metro City,2022-05-21,Saturday,5,Spring,1,300,28,50,23,40,28,114,80,43,37,70,90.67,54,30,1,Beds
Metro City,2022-05-22,Sunday,5,Spring,1,300,16,50,3,40,9,125,83,41,42,63,94.67,94,77.5,1,Beds
Metro City,2022-05-23,Monday,5,Spring,0,300,0,50,15,40,19,115,88,52,36,79,100,70,52.5,1,Beds
Metro City,2022-05-24,Tuesday,5,Spring,0,300,0,50,18,40,20,123,84,37,47,79,100,64,50,1,Beds
Metro City,2022-05-25,Wednesday,5,Spring,0,300,0,50,8,40,13,142,84,46,38,72,100,84,67.5,1,Beds
Metro City,2022-05-26,Thursday,5,Spring,0,300,0,50,0,40,9,112,83,46,37,66,100,100,77.5,1,Beds
Metro City,2022-05-27,Friday,5,Spring,0,300,46,50,24,40,25,114,83,41,42,69,84.67,52,37.5,0,
Metro City,2022-05-28,Saturday,5,Spring,1,300,31,50,8,40,15,106,85,42,43,80,89.67,84,62.5,0,
Metro City,2022-05-29,Sunday,5,Spring,1,300,35,50,22,40,22,114,80,37,43,74,88.33,56,45,0,
Metro City,2022-05-30,Monday,5,Spring,0,300,64,50,25,40,26,107,82,41,41,58,78.67,50,35,0,
Metro City,2022-05-31,Tuesday,5,Spring,0,300,22,50,4,40,14,127,85,37,48,60,92.67,92,65,1,Beds
Metro City,2022-06-01,Wednesday,6,Summer,0,300,0,50,4,40,21,113,113,49,64,98,100,92,47.5,1,Beds
Metro City,2022-06-02,Thursday,6,Summer,0,300,0,50,0,40,20,107,87,50,37,66,100,100,50,1,Beds
Metro City,2022-06-03,Friday,6,Summer,0,300,34,50,21,40,22,108,85,38,47,76,88.67,58,45,0,
Metro City,2022-06-04,Saturday,6,Summer,1,300,0,50,0,40,16,106,85,49,36,71,100,100,60,1,Beds
Metro City,2022-06-05,Sunday,6,Summer,1,300,29,50,1,40,15,138,84,42,42,67,90.33,98,62.5,1,Beds
Metro City,2022-06-06,Monday,6,Summer,0,300,0,50,0,40,12,117,85,36,49,74,100,100,70,1,Beds
Metro City,2022-06-07,Tuesday,6,Summer,0,300,15,50,8,40,19,117,84,35,49,77,95,84,52.5,1,Beds
Metro City,2022-06-08,Wednesday,6,Summer,0,300,50,50,19,40,20,120,83,38,45,68,83.33,62,50,0,
Metro City,2022-06-09,Thursday,6,Summer,0,300,21,50,21,40,23,99,80,35,45,65,93,58,42.5,1,Beds
Metro City,2022-06-10,Friday,6,Summer,0,300,17,50,17,40,21,121,82,49,33,74,94.33,66,47.5,1,Beds
Metro City,2022-06-11,Saturday,6,Summer,1,300,0,50,0,40,9,133,84,39,45,69,100,100,77.5,1,Beds
Metro City,2022-06-12,Sunday,6,Summer,1,300,0,50,15,40,26,123,82,36,46,57,100,70,35,1,Beds
Metro City,2022-06-13,Monday,6,Summer,0,300,0,50,0,40,17,106,83,37,46,61,100,100,57.5,1,Beds
Metro City,2022-06-14,Tuesday,6,Summer,0,300,1,50,0,40,16,123,86,50,36,63,99.67,100,60,1,Beds
Metro City,2022-06-15,Wednesday,6,Summer,0,300,0,50,6,40,18,115,82,47,35,66,100,88,55,1,Beds
Metro City,2022-06-16,Thursday,6,Summer,0,300,0,50,0,40,20,129,80,33,47,75,100,100,50,1,Beds
Metro City,2022-06-17,Friday,6,Summer,0,300,60,50,8,40,19,132,84,39,45,75,80,84,52.5,0,
Metro City,2022-06-18,Saturday,6,Summer,1,300,40,50,0,40,10,118,86,49,37,77,86.67,100,75,1,ICU
Metro City,2022-06-19,Sunday,6,Summer,1,300,0,50,0,40,11,125,83,38,45,60,100,100,72.5,1,Beds
Metro City,2022-06-20,Monday,6,Summer,0,300,9,50,19,40,25,130,87,40,47,81,97,62,37.5,1,Beds
Metro City,2022-06-21,Tuesday,6,Summer,0,300,20,50,14,40,17,112,110,58,52,90,93.33,72,57.5,1,Beds
Metro City,2022-06-22,Wednesday,6,Summer,0,300,0,50,15,40,21,136,83,45,38,74,100,70,47.5,1,Beds
Metro City,2022-06-23,Thursday,6,Summer,0,300,24,50,2,40,11,125,84,47,37,74,92,96,72.5,1,Beds
Metro City,2022-06-24,Friday,6,Summer,0,300,0,50,13,40,18,122,82,35,47,68,100,74,55,1,Beds
Metro City,2022-06-25,Saturday,6,Summer,1,300,24,50,13,40,20,105,86,44,42,64,92,74,50,1,Beds
Metro City,2022-06-26,Sunday,6,Summer,1,300,45,50,17,40,26,123,86,47,39,76,85,66,35,0,
Metro City,2022-06-27,Monday,6,Summer,0,300,0,50,20,40,27,116,85,44,41,67,100,60,32.5,1,Beds
Metro City,2022-06-28,Tuesday,6,Summer,0,300,10,50,5,40,15,117,83,45,38,60,96.67,90,62.5,1,Beds
Metro City,2022-06-29,Wednesday,6,Summer,0,300,42,50,7,40,14,128,87,43,44,62,86,86,65,0,
Metro City,2022-06-30,Thursday,6,Summer,0,300,0,50,0,40,6,116,84,37,47,66,100,100,85,1,Beds
Metro City,2022-07-01,Friday,7,Summer,0,300,0,50,0,40,9,109,84,35,49,67,100,100,77.5,1,Beds
Metro City,2022-07-02,Saturday,7,Summer,1,300,16,50,0,40,17,111,84,43,41,73,94.67,100,57.5,1,Beds
Metro City,2022-07-03,Sunday,7,Summer,1,300,0,50,2,40,21,124,86,42,44,70,100,96,47.5,1,Beds
Metro City,2022-07-04,Monday,7,Summer,0,300,0,50,13,40,23,128,83,37,46,59,100,74,42.5,1,Beds
Metro City,2022-07-05,Tuesday,7,Summer,0,300,23,50,0,40,20,111,83,46,37,59,92.33,100,50,1,Beds
Metro City,2022-07-06,Wednesday,7,Summer,0,300,33,50,6,40,10,109,86,35,51,65,89,88,75,0,
Metro City,2022-07-07,Thursday,7,Summer,0,300,0,50,16,40,20,113,85,46,39,80,100,68,50,1,Beds
Metro City,2022-07-08,Friday,7,Summer,0,300,0,50,8,40,23,118,112,48,64,79,100,84,42.5,1,Beds
Metro City,2022-07-09,Saturday,7,Summer,1,300,0,50,0,40,14,97,84,42,42,71,100,100,65,1,Beds
Metro City,2022-07-10,Sunday,7,Summer,1,300,0,50,19,40,23,118,84,41,43,74,100,62,42.5,1,Beds
Metro City,2022-07-11,Monday,7,Summer,0,300,0,50,20,40,27,112,83,38,45,73,100,60,32.5,1,Beds
Metro City,2022-07-12,Tuesday,7,Summer,0,300,66,50,6,40,16,123,82,41,41,59,78,88,60,0,
Metro City,2022-07-13,Wednesday,7,Summer,0,300,57,50,13,40,23,125,82,45,37,77,81,74,42.5,0,
Metro City,2022-07-14,Thursday,7,Summer,0,300,25,50,11,40,18,125,84,48,36,69,91.67,78,55,1,Beds
Metro City,2022-07-15,Friday,7,Summer,0,300,59,50,5,40,14,117,84,42,42,71,80.33,90,65,0,
Metro City,2022-07-16,Saturday,7,Summer,1,300,52,50,1,40,14,122,83,46,37,68,82.67,98,65,1,ICU
Metro City,2022-07-17,Sunday,7,Summer,1,300,41,50,23,40,24,112,84,34,50,76,86.33,54,40,0,
Metro City,2022-07-18,Monday,7,Summer,0,300,20,50,4,40,18,133,84,38,46,68,93.33,92,55,1,Beds
Metro City,2022-07-19,Tuesday,7,Summer,0,300,33,50,17,40,26,130,85,35,50,61,89,66,35,0,
Metro City,2022-07-20,Wednesday,7,Summer,0,300,58,50,6,40,20,132,82,38,44,74,80.67,88,50,0,
Metro City,2022-07-21,Thursday,7,Summer,0,300,0,50,0,40,13,109,113,46,67,81,100,100,67.5,1,Beds
Metro City,2022-07-22,Friday,7,Summer,0,300,0,50,0,40,11,121,81,44,37,72,100,100,72.5,1,Beds
Metro City,2022-07-23,Saturday,7,Summer,1,300,0,50,6,40,23,114,83,35,48,66,100,88,42.5,1,Beds
Metro City,2022-07-24,Sunday,7,Summer,1,300,0,50,11,40,15,128,83,49,34,70,100,78,62.5,1,Beds
Metro City,2022-07-25,Monday,7,Summer,0,300,2,50,4,40,18,113,85,35,50,64,99.33,92,55,1,Beds
Metro City,2022-07-26,Tuesday,7,Summer,0,300,0,50,0,40,18,121,85,48,37,66,100,100,55,1,Beds
Metro City,2022-07-27,Wednesday,7,Summer,0,300,35,50,4,40,15,131,83,47,36,70,88.33,92,62.5,1,ICU
Metro City,2022-07-28,Thursday,7,Summer,0,300,41,50,8,40,15,115,81,47,34,65,86.33,84,62.5,0,
Metro City,2022-07-29,Friday,7,Summer,0,300,30,50,22,40,27,110,83,49,34,63,90,56,32.5,0,
Metro City,2022-07-30,Saturday,7,Summer,1,300,12,50,5,40,15,99,83,43,40,63,96,90,62.5,1,Beds
Metro City,2022-07-31,Sunday,7,Summer,1,300,13,50,0,40,15,102,84,37,47,67,95.67,100,62.5,1,Beds
Metro City,2022-08-01,Monday,8,Summer,0,300,56,50,25,40,27,112,84,48,36,69,81.33,50,32.5,0,
Metro City,2022-08-02,Tuesday,8,Summer,0,300,0,50,0,40,8,127,86,46,40,66,100,100,80,1,Beds
Metro City,2022-08-03,Wednesday,8,Summer,0,300,48,50,10,40,18,123,84,41,43,66,84,80,55,0,
Metro City,2022-08-04,Thursday,8,Summer,0,300,17,50,5,40,22,111,83,43,40,71,94.33,90,45,1,Beds
Metro City,2022-08-05,Friday,8,Summer,0,300,28,50,1,40,6,122,85,36,49,78,90.67,98,85,1,Beds
Metro City,2022-08-06,Saturday,8,Summer,1,300,4,50,4,40,17,135,85,40,45,78,98.67,92,57.5,1,Beds
Metro City,2022-08-07,Sunday,8,Summer,1,300,13,50,0,40,12,128,85,45,40,65,95.67,100,70,1,Beds
Metro City,2022-08-08,Monday,8,Summer,0,300,37,50,14,40,20,106,82,34,48,75,87.67,72,50,0,
Metro City,2022-08-09,Tuesday,8,Summer,0,300,0,50,0,40,15,115,86,36,50,79,100,100,62.5,1,Beds
Metro City,2022-08-10,Wednesday,8,Summer,0,300,23,50,17,40,18,133,80,45,35,66,92.33,66,55,1,Beds
Metro City,2022-08-11,Thursday,8,Summer,0,300,60,50,24,40,28,108,87,43,44,81,80,52,30,0,
Metro City,2022-08-12,Friday,8,Summer,0,300,31,50,0,40,16,111,83,41,42,60,89.67,100,60,1,ICU
Metro City,2022-08-13,Saturday,8,Summer,1,300,18,50,7,40,21,105,84,42,42,62,94,86,47.5,1,Beds
Metro City,2022-08-14,Sunday,8,Summer,1,300,45,50,0,40,12,115,85,37,48,70,85,100,70,1,ICU
Metro City,2022-08-15,Monday,8,Summer,0,300,49,50,7,40,19,108,85,42,43,68,83.67,86,52.5,0,
Metro City,2022-08-16,Tuesday,8,Summer,0,300,46,50,22,40,24,117,86,49,37,75,84.67,56,40,0,
Metro City,2022-08-17,Wednesday,8,Summer,0,300,15,50,14,40,17,119,80,40,40,57,95,72,57.5,1,Beds
Metro City,2022-08-18,Thursday,8,Summer,0,300,34,50,9,40,19,119,84,39,45,64,88.67,82,52.5,0,
Metro City,2022-08-19,Friday,8,Summer,0,300,19,50,1,40,12,111,85,41,44,68,93.67,98,70,1,Beds
Metro City,2022-08-20,Saturday,8,Summer,1,300,0,50,0,40,7,130,86,45,41,80,100,100,82.5,1,Beds
Metro City,2022-08-21,Sunday,8,Summer,1,300,0,50,20,40,20,124,88,48,40,73,100,60,50,1,Beds
Metro City,2022-08-22,Monday,8,Summer,0,300,61,50,7,40,13,125,85,36,49,75,79.67,86,67.5,0,
Metro City,2022-08-23,Tuesday,8,Summer,0,300,0,50,19,40,25,111,84,38,46,73,100,62,37.5,1,Beds
Metro City,2022-08-24,Wednesday,8,Summer,0,300,51,50,14,40,25,126,84,34,50,69,83,72,37.5,0,
Metro City,2022-08-25,Thursday,8,Summer,0,300,11,50,0,40,16,116,85,38,47,62,96.33,100,60,1,Beds
Metro City,2022-08-26,Friday,8,Summer,0,300,0,50,15,40,19,120,80,37,43,68,100,70,52.5,1,Beds
Metro City,2022-08-27,Saturday,8,Summer,1,300,15,50,0,40,12,132,83,41,42,67,95,100,70,1,Beds
Metro City,2022-08-28,Sunday,8,Summer,1,300,0,50,0,40,16,128,81,37,44,59,100,100,60,1,Beds
Metro City,2022-08-29,Monday,8,Summer,0,300,0,50,0,40,20,113,82,42,40,75,100,100,50,1,Beds
Metro City,2022-08-30,Tuesday,8,Summer,0,300,22,50,7,40,12,116,85,38,47,77,92.67,86,70,1,Beds
Metro City,2022-08-31,Wednesday,8,Summer,0,300,39,50,14,40,19,118,83,35,48,58,87,72,52.5,0,
Metro City,2022-09-01,Thursday,9,Autumn,0,300,0,50,12,40,20,120,85,50,35,74,100,76,50,1,Beds
Metro City,2022-09-02,Friday,9,Autumn,0,300,0,50,9,40,23,116,83,35,48,71,100,82,42.5,1,Beds
Metro City,2022-09-03,Saturday,9,Autumn,1,300,12,50,3,40,10,123,83,44,39,67,96,94,75,1,Beds
Metro City,2022-09-04,Sunday,9,Autumn,1,300,0,50,15,40,17,114,115,47,68,100,100,70,57.5,1,Beds
Metro City,2022-09-05,Monday,9,Autumn,0,300,45,50,4,40,12,121,82,33,49,65,85,92,70,1,ICU
Metro City,2022-09-06,Tuesday,9,Autumn,0,300,0,50,0,40,16,124,82,47,35,58,100,100,60,1,Beds
Metro City,2022-09-07,Wednesday,9,Autumn,0,300,0,50,9,40,22,120,85,34,51,75,100,82,45,1,Beds
Metro City,2022-09-08,Thursday,9,Autumn,0,300,0,50,12,40,18,111,80,42,38,67,100,76,55,1,Beds
Metro City,2022-09-09,Friday,9,Autumn,0,300,0,50,2,40,14,110,85,35,50,64,100,96,65,1,Beds
Metro City,2022-09-10,Saturday,9,Autumn,1,300,0,50,0,40,19,120,84,42,42,72,100,100,52.5,1,Beds
Metro City,2022-09-11,Sunday,9,Autumn,1,300,59,50,3,40,14,116,81,45,36,68,80.33,94,65,1,ICU
Metro City,2022-09-12,Monday,9,Autumn,0,300,19,50,21,40,28,124,86,43,43,61,93.67,58,30,1,Beds
Metro City,2022-09-13,Tuesday,9,Autumn,0,300,1,50,2,40,8,125,81,40,41,70,99.67,96,80,1,Beds
Metro City,2022-09-14,Wednesday,9,Autumn,0,300,34,50,20,40,20,106,84,48,36,68,88.67,60,50,0,
Metro City,2022-09-15,Thursday,9,Autumn,0,300,12,50,0,40,12,123,80,39,41,64,96,100,70,1,Beds
Metro City,2022-09-16,Friday,9,Autumn,0,300,39,50,1,40,7,121,83,49,34,62,87,98,82.5,1,ICU
Metro City,2022-09-17,Saturday,9,Autumn,1,300,28,50,2,40,7,107,84,37,47,72,90.67,96,82.5,1,Beds
Metro City,2022-09-18,Sunday,9,Autumn,1,300,23,50,22,40,23,123,85,40,45,71,92.33,56,42.5,1,Beds
Metro City,2022-09-19,Monday,9,Autumn,0,300,22,50,19,40,25,127,84,40,44,77,92.67,62,37.5,1,Beds
Metro City,2022-09-20,Tuesday,9,Autumn,0,300,0,50,12,40,18,133,85,46,39,79,100,76,55,1,Beds
Metro City,2022-09-21,Wednesday,9,Autumn,0,300,0,50,0,40,12,127,110,47,63,95,100,100,70,1,Beds
Metro City,2022-09-22,Thursday,9,Autumn,0,300,0,50,0,40,14,121,87,40,47,80,100,100,65,1,Beds
Metro City,2022-09-23,Friday,9,Autumn,0,300,20,50,17,40,27,129,85,38,47,65,93.33,66,32.5,1,Beds
Metro City,2022-09-24,Saturday,9,Autumn,1,300,67,50,24,40,23,124,80,43,37,71,77.67,52,42.5,0,
Metro City,2022-09-25,Sunday,9,Autumn,1,300,11,50,6,40,22,119,80,44,36,56,96.33,88,45,1,Beds
Metro City,2022-09-26,Monday,9,Autumn,0,300,20,50,0,40,8,108,81,46,35,65,93.33,100,80,1,Beds
Metro City,2022-09-27,Tuesday,9,Autumn,0,300,17,50,11,40,18,111,112,53,59,84,94.33,78,55,1,Beds
Metro City,2022-09-28,Wednesday,9,Autumn,0,300,58,50,11,40,19,123,82,45,37,69,80.67,78,52.5,0,
Metro City,2022-09-29,Thursday,9,Autumn,0,300,16,50,12,40,15,123,84,46,38,73,94.67,76,62.5,1,Beds
Metro City,2022-09-30,Friday,9,Autumn,0,300,0,50,12,40,16,137,115,61,54,101,100,76,60,1,Beds
Metro City,2022-10-01,Saturday,10,Autumn,1,300,4,50,12,40,20,127,82,42,40,76,98.67,76,50,1,Beds
Metro City,2022-10-02,Sunday,10,Autumn,1,300,67,50,14,40,21,122,80,41,39,72,77.67,72,47.5,0,
Metro City,2022-10-03,Monday,10,Autumn,0,300,3,50,0,40,6,133,84,41,43,61,99,100,85,1,Beds
Metro City,2022-10-04,Tuesday,10,Autumn,0,300,10,50,0,40,17,130,84,38,46,75,96.67,100,57.5,1,Beds
Metro City,2022-10-05,Wednesday,10,Autumn,0,300,48,50,2,40,15,113,86,39,47,67,84,96,62.5,1,ICU
Metro City,2022-10-06,Thursday,10,Autumn,0,300,1,50,14,40,22,107,84,39,45,73,99.67,72,45,1,Beds
Metro City,2022-10-07,Friday,10,Autumn,0,300,6,50,8,40,11,126,82,49,33,64,98,84,72.5,1,Beds
Metro City,2022-10-08,Saturday,10,Autumn,1,300,0,50,5,40,22,110,84,45,39,67,100,90,45,1,Beds
Metro City,2022-10-09,Sunday,10,Autumn,1,300,12,50,19,40,27,133,84,45,39,61,96,62,32.5,1,Beds
Metro City,2022-10-10,Monday,10,Autumn,0,300,34,50,5,40,17,111,83,43,40,63,88.67,90,57.5,0,
Metro City,2022-10-11,Tuesday,10,Autumn,0,300,3,50,0,40,19,137,80,35,45,56,99,100,52.5,1,Beds
Metro City,2022-10-12,Wednesday,10,Autumn,0,300,21,50,6,40,20,106,85,45,40,68,93,88,50,1,Beds
Metro City,2022-10-13,Thursday,10,Autumn,0,300,49,50,13,40,17,116,85,45,40,80,83.67,74,57.5,0,
Metro City,2022-10-14,Friday,10,Autumn,0,300,0,50,2,40,12,122,85,41,44,80,100,96,70,1,Beds
Metro City,2022-10-15,Saturday,10,Autumn,1,300,0,50,18,40,19,125,85,38,47,64,100,64,52.5,1,Beds
Metro City,2022-10-16,Sunday,10,Autumn,1,300,0,50,0,40,8,106,82,38,44,64,100,100,80,1,Beds
Metro City,2022-10-17,Monday,10,Autumn,0,300,16,50,0,40,14,107,84,45,39,69,94.67,100,65,1,Beds
Metro City,2022-10-18,Tuesday,10,Autumn,0,300,0,50,7,40,15,116,115,65,50,81,100,86,62.5,1,Beds
Metro City,2022-10-19,Wednesday,10,Autumn,0,300,0,50,5,40,12,99,85,49,36,60,100,90,70,1,Beds
Metro City,2022-10-20,Thursday,10,Autumn,0,300,69,50,10,40,20,136,81,32,49,60,77,80,50,0,
Metro City,2022-10-21,Friday,10,Autumn,0,300,0,50,0,40,8,117,81,35,46,70,100,100,80,1,Beds
Metro City,2022-10-22,Saturday,10,Autumn,1,300,0,50,0,40,16,100,86,47,39,61,100,100,60,1,Beds
Metro City,2022-10-23,Sunday,10,Autumn,1,300,35,50,15,40,21,120,81,34,47,64,88.33,70,47.5,0,
Metro City,2022-10-24,Monday,10,Autumn,0,300,30,50,12,40,17,99,84,33,51,65,90,76,57.5,0,
Metro City,2022-10-25,Tuesday,10,Autumn,0,300,0,50,16,40,26,115,83,42,41,74,100,68,35,1,Beds
Metro City,2022-10-26,Wednesday,10,Autumn,0,300,0,50,15,40,24,117,83,41,42,70,100,70,40,1,Beds
Metro City,2022-10-27,Thursday,10,Autumn,0,300,0,50,4,40,12,135,112,54,58,99,100,92,70,1,Beds
Metro City,2022-10-28,Friday,10,Autumn,0,300,0,50,0,40,13,120,82,43,39,68,100,100,67.5,1,Beds
Metro City,2022-10-29,Saturday,10,Autumn,1,300,10,50,7,40,18,123,83,45,38,72,96.67,86,55,1,Beds
Metro City,2022-10-30,Sunday,10,Autumn,1,300,40,50,6,40,13,129,83,37,46,58,86.67,88,67.5,0,
Metro City,2022-10-31,Monday,10,Autumn,0,300,46,50,3,40,9,117,86,43,43,71,84.67,94,77.5,1,ICU
Metro City,2022-11-01,Tuesday,11,Autumn,0,300,17,50,9,40,22,115,112,49,63,80,94.33,82,45,1,Beds
Metro City,2022-11-02,Wednesday,11,Autumn,0,300,46,50,0,40,12,120,85,42,43,80,84.67,100,70,1,ICU
Metro City,2022-11-03,Thursday,11,Autumn,0,300,0,50,1,40,10,105,81,38,43,66,100,98,75,1,Beds
Metro City,2022-11-04,Friday,11,Autumn,0,300,23,50,13,40,18,135,83,45,38,70,92.33,74,55,1,Beds
Metro City,2022-11-05,Saturday,11,Autumn,1,300,50,50,7,40,16,108,85,40,45,62,83.33,86,60,0,
Metro City,2022-11-06,Sunday,11,Autumn,1,300,12,50,11,40,18,131,85,42,43,74,96,78,55,1,Beds
Metro City,2022-11-07,Monday,11,Autumn,0,300,0,50,7,40,11,128,84,43,41,61,100,86,72.5,1,Beds
Metro City,2022-11-08,Tuesday,11,Autumn,0,300,0,50,15,40,19,125,87,38,49,72,100,70,52.5,1,Beds
Metro City,2022-11-09,Wednesday,11,Autumn,0,300,0,50,0,40,9,107,84,46,38,74,100,100,77.5,1,Beds
Metro City,2022-11-10,Thursday,11,Autumn,0,300,0,50,4,40,22,105,82,39,43,75,100,92,45,1,Beds
Metro City,2022-11-11,Friday,11,Autumn,0,300,0,50,0,40,10,117,111,62,49,101,100,100,75,1,Beds
Metro City,2022-11-12,Saturday,11,Autumn,1,300,31,50,23,40,27,118,85,39,46,66,89.67,54,32.5,0,
Metro City,2022-11-13,Sunday,11,Autumn,1,300,18,50,1,40,20,106,84,33,51,74,94,98,50,1,Beds
Metro City,2022-11-14,Monday,11,Autumn,0,300,6,50,2,40,11,130,84,43,41,70,98,96,72.5,1,Beds
Metro City,2022-11-15,Tuesday,11,Autumn,0,300,41,50,11,40,22,138,82,39,43,65,86.33,78,45,0,
Metro City,2022-11-16,Wednesday,11,Autumn,0,300,10,50,0,40,19,135,86,42,44,74,96.67,100,52.5,1,Beds
Metro City,2022-11-17,Thursday,11,Autumn,0,300,0,50,1,40,12,115,114,47,67,95,100,98,70,1,Beds
Metro City,2022-11-18,Friday,11,Autumn,0,300,33,50,8,40,15,114,85,36,49,59,89,84,62.5,0,
Metro City,2022-11-19,Saturday,11,Autumn,1,300,30,50,1,40,11,125,84,40,44,62,90,98,72.5,1,ICU
Metro City,2022-11-20,Sunday,11,Autumn,1,300,0,50,2,40,9,111,84,34,50,63,100,96,77.5,1,Beds
Metro City,2022-11-21,Monday,11,Autumn,0,300,0,50,0,40,19,116,84,36,48,74,100,100,52.5,1,Beds
Metro City,2022-11-22,Tuesday,11,Autumn,0,300,49,50,17,40,23,136,82,48,34,73,83.67,66,42.5,0,
Metro City,2022-11-23,Wednesday,11,Autumn,0,300,6,50,14,40,21,126,87,48,39,69,98,72,47.5,1,Beds
Metro City,2022-11-24,Thursday,11,Autumn,0,300,0,50,20,40,27,117,113,62,51,106,100,60,32.5,1,Beds
Metro City,2022-11-25,Friday,11,Autumn,0,300,40,50,3,40,20,130,85,39,46,80,86.67,94,50,1,ICU
Metro City,2022-11-26,Saturday,11,Autumn,1,300,56,50,14,40,25,118,85,47,38,62,81.33,72,37.5,0,
Metro City,2022-11-27,Sunday,11,Autumn,1,300,17,50,10,40,19,119,81,37,44,73,94.33,80,52.5,1,Beds
Metro City,2022-11-28,Monday,11,Autumn,0,300,27,50,8,40,14,126,85,39,46,70,91,84,65,1,Beds
Metro City,2022-11-29,Tuesday,11,Autumn,0,300,23,50,12,40,22,139,80,42,38,58,92.33,76,45,1,Beds
Metro City,2022-11-30,Wednesday,11,Autumn,0,300,0,50,6,40,14,117,117,50,67,98,100,88,65,1,Beds
Metro City,2022-12-01,Thursday,12,Winter,0,300,0,50,0,40,13,108,110,56,54,82,100,100,67.5,1,Beds
Metro City,2022-12-02,Friday,12,Winter,0,300,8,50,0,40,15,138,111,52,59,99,97.33,100,62.5,1,Beds
Metro City,2022-12-03,Saturday,12,Winter,1,300,0,50,0,40,17,124,110,58,52,83,100,100,57.5,1,Beds
Metro City,2022-12-04,Sunday,12,Winter,1,300,24,50,15,40,24,126,110,54,56,86,92,70,40,1,Beds
Metro City,2022-12-05,Monday,12,Winter,0,300,38,50,4,40,15,133,111,61,50,97,87.33,92,62.5,1,ICU
Metro City,2022-12-06,Tuesday,12,Winter,0,300,0,50,1,40,18,111,110,58,52,97,100,98,55,1,Beds
Metro City,2022-12-07,Wednesday,12,Winter,0,300,33,50,1,40,19,123,109,49,60,99,89,98,52.5,1,ICU
Metro City,2022-12-08,Thursday,12,Winter,0,300,0,50,2,40,18,123,109,49,60,81,100,96,55,1,Beds
Metro City,2022-12-09,Friday,12,Winter,0,300,0,50,9,40,23,126,110,62,48,99,100,82,42.5,1,Beds
Metro City,2022-12-10,Saturday,12,Winter,1,300,0,50,1,40,12,107,113,66,47,97,100,98,70,1,Beds
Metro City,2022-12-11,Sunday,12,Winter,1,300,0,50,12,40,14,105,107,53,54,84,100,76,65,1,Beds
Metro City,2022-12-12,Monday,12,Winter,0,300,0,50,4,40,9,117,111,50,61,87,100,92,77.5,1,Beds
Metro City,2022-12-13,Tuesday,12,Winter,0,300,28,50,11,40,14,115,109,59,50,83,90.67,78,65,1,Beds
Metro City,2022-12-14,Wednesday,12,Winter,0,300,9,50,15,40,20,111,107,62,45,95,97,70,50,1,Beds
Metro City,2022-12-15,Thursday,12,Winter,0,300,15,50,0,40,11,125,106,48,58,79,95,100,72.5,1,Beds
Metro City,2022-12-16,Friday,12,Winter,0,300,0,50,0,40,11,106,110,59,51,103,100,100,72.5,1,Beds
Metro City,2022-12-17,Saturday,12,Winter,1,300,24,50,0,40,12,118,106,42,64,89,92,100,70,1,Beds
Metro City,2022-12-18,Sunday,12,Winter,1,300,35,50,21,40,28,110,111,62,49,99,88.33,58,30,0,
Metro City,2022-12-19,Monday,12,Winter,0,300,0,50,1,40,13,124,108,60,48,94,100,98,67.5,1,Beds
Metro City,2022-12-20,Tuesday,12,Winter,0,300,0,50,5,40,20,124,106,43,63,75,100,90,50,1,Beds
Metro City,2022-12-21,Wednesday,12,Winter,0,300,0,50,10,40,20,112,110,60,50,79,100,80,50,1,Beds
Metro City,2022-12-22,Thursday,12,Winter,0,300,0,50,3,40,11,91,108,47,61,85,100,94,72.5,1,Beds
Metro City,2022-12-23,Friday,12,Winter,0,300,0,50,8,40,22,122,108,56,52,100,100,84,45,1,Beds
Metro City,2022-12-24,Saturday,12,Winter,1,300,22,50,1,40,20,124,110,53,57,80,92.67,98,50,1,Beds
Metro City,2022-12-25,Sunday,12,Winter,1,300,0,50,0,40,6,109,142,58,84,110,100,100,85,1,Beds
Metro City,2022-12-26,Monday,12,Winter,0,300,0,50,16,40,18,139,113,50,63,87,100,68,55,1,Beds
Metro City,2022-12-27,Tuesday,12,Winter,0,300,0,50,0,40,20,123,109,59,50,102,100,100,50,1,Beds
Metro City,2022-12-28,Wednesday,12,Winter,0,300,0,50,9,40,19,110,105,48,57,74,100,82,52.5,1,Beds
Metro City,2022-12-29,Thursday,12,Winter,0,300,26,50,10,40,18,117,110,55,55,88,91.33,80,55,1,Beds
Metro City,2022-12-30,Friday,12,Winter,0,300,36,50,16,40,25,119,111,44,67,104,88,68,37.5,0,
Metro City,2022-12-31,Saturday,12,Winter,1,300,0,50,0,40,20,132,110,52,58,94,100,100,50,1,Beds
Metro City,2023-01-01,Sunday,1,Winter,1,300,0,50,8,40,17,123,143,62,81,122,100,84,57.5,1,Beds
Metro City,2023-01-02,Monday,1,Winter,0,300,0,50,19,40,27,117,110,59,51,86,100,62,32.5,1,Beds
Metro City,2023-01-03,Tuesday,1,Winter,0,300,0,50,12,40,25,114,138,63,75,105,100,76,37.5,1,Beds
Metro City,2023-01-04,Wednesday,1,Winter,0,300,0,50,0,40,15,126,139,77,62,108,100,100,62.5,1,Beds
Metro City,2023-01-05,Thursday,1,Winter,0,300,0,50,15,40,26,112,109,59,50,79,100,70,35,1,Beds
Metro City,2023-01-06,Friday,1,Winter,0,300,8,50,8,40,19,109,107,44,63,77,97.33,84,52.5,1,Beds
Metro City,2023-01-07,Saturday,1,Winter,1,300,0,50,4,40,19,113,111,51,60,88,100,92,52.5,1,Beds
Metro City,2023-01-08,Sunday,1,Winter,1,300,0,50,0,40,20,128,108,50,58,86,100,100,50,1,Beds
Metro City,2023-01-09,Monday,1,Winter,0,300,0,50,11,40,23,126,109,49,60,100,100,78,42.5,1,Beds
Metro City,2023-01-10,Tuesday,1,Winter,0,300,36,50,20,40,22,123,110,56,54,79,88,60,45,0,
Metro City,2023-01-11,Wednesday,1,Winter,0,300,0,50,15,40,23,117,142,61,81,134,100,70,42.5,1,Beds
Metro City,2023-01-12,Thursday,1,Winter,0,300,0,50,0,40,17,134,110,57,53,95,100,100,57.5,1,Beds
Metro City,2023-01-13,Friday,1,Winter,0,300,0,50,6,40,16,132,110,44,66,99,100,88,60,1,Beds
Metro City,2023-01-14,Saturday,1,Winter,1,300,0,50,0,40,10,126,111,55,56,79,100,100,75,1,Beds
Metro City,2023-01-15,Sunday,1,Winter,1,300,12,50,11,40,23,136,109,58,51,91,96,78,42.5,1,Beds
Metro City,2023-01-16,Monday,1,Winter,0,300,0,50,14,40,25,124,109,57,52,83,100,72,37.5,1,Beds
Metro City,2023-01-17,Tuesday,1,Winter,0,300,0,50,0,40,13,136,108,43,65,92,100,100,67.5,1,Beds
Metro City,2023-01-18,Wednesday,1,Winter,0,300,25,50,0,40,12,137,111,62,49,88,91.67,100,70,1,Beds
Metro City,2023-01-19,Thursday,1,Winter,0,300,0,50,0,40,10,130,140,67,73,103,100,100,75,1,Beds
Metro City,2023-01-20,Friday,1,Winter,0,300,29,50,17,40,21,131,106,47,59,94,90.33,66,47.5,1,Beds
Metro City,2023-01-21,Saturday,1,Winter,1,300,0,50,0,40,14,107,112,52,60,82,100,100,65,1,Beds
Metro City,2023-01-22,Sunday,1,Winter,1,300,15,50,13,40,20,127,105,48,57,96,95,74,50,1,Beds
Metro City,2023-01-23,Monday,1,Winter,0,300,8,50,12,40,24,109,142,63,79,113,97.33,76,40,1,Beds
Metro City,2023-01-24,Tuesday,1,Winter,0,300,10,50,0,40,12,123,112,51,61,89,96.67,100,70,1,Beds
Metro City,2023-01-25,Wednesday,1,Winter,0,300,4,50,0,40,13,132,108,55,53,82,98.67,100,67.5,1,Beds
Metro City,2023-01-26,Thursday,1,Winter,0,300,0,50,0,40,19,102,111,63,48,83,100,100,52.5,1,Beds
Metro City,2023-01-27,Friday,1,Winter,0,300,0,50,18,40,27,120,115,48,67,97,100,64,32.5,1,Beds
Metro City,2023-01-28,Saturday,1,Winter,1,300,0,50,0,40,8,121,110,57,53,94,100,100,80,1,Beds
Metro City,2023-01-29,Sunday,1,Winter,1,300,26,50,13,40,16,106,113,49,64,98,91.33,74,60,1,Beds
Metro City,2023-01-30,Monday,1,Winter,0,300,0,50,4,40,11,136,107,52,55,85,100,92,72.5,1,Beds
Metro City,2023-01-31,Tuesday,1,Winter,0,300,5,50,2,40,7,114,111,46,65,82,98.33,96,82.5,1,Beds
Metro City,2023-02-01,Wednesday,2,Winter,0,300,0,50,2,40,15,117,105,50,55,83,100,96,62.5,1,Beds
Metro City,2023-02-02,Thursday,2,Winter,0,300,0,50,2,40,13,114,108,47,61,80,100,96,67.5,1,Beds
Metro City,2023-02-03,Friday,2,Winter,0,300,0,50,14,40,26,110,106,57,49,79,100,72,35,1,Beds
Metro City,2023-02-04,Saturday,2,Winter,1,300,11,50,0,40,15,114,108,54,54,93,96.33,100,62.5,1,Beds
Metro City,2023-02-05,Sunday,2,Winter,1,300,0,50,6,40,16,108,108,44,64,100,100,88,60,1,Beds
Metro City,2023-02-06,Monday,2,Winter,0,300,0,50,0,40,18,109,108,57,51,84,100,100,55,1,Beds
Metro City,2023-02-07,Tuesday,2,Winter,0,300,0,50,20,40,20,121,110,54,56,99,100,60,50,1,Beds
Metro City,2023-02-08,Wednesday,2,Winter,0,300,0,50,7,40,14,111,108,44,64,91,100,86,65,1,Beds
Metro City,2023-02-09,Thursday,2,Winter,0,300,36,50,12,40,20,111,109,45,64,82,88,76,50,0,
Metro City,2023-02-10,Friday,2,Winter,0,300,0,50,2,40,10,119,109,44,65,98,100,96,75,1,Beds
Metro City,2023-02-11,Saturday,2,Winter,1,300,0,50,13,40,19,122,106,45,61,79,100,74,52.5,1,Beds
Metro City,2023-02-12,Sunday,2,Winter,1,300,31,50,8,40,17,113,112,44,68,79,89.67,84,57.5,0,
Metro City,2023-02-13,Monday,2,Winter,0,300,0,50,12,40,24,106,110,45,65,103,100,76,40,1,Beds
Metro City,2023-02-14,Tuesday,2,Winter,0,300,0,50,0,40,18,109,109,51,58,103,100,100,55,1,Beds
Metro City,2023-02-15,Wednesday,2,Winter,0,300,0,50,3,40,21,133,111,55,56,89,100,94,47.5,1,Beds
Metro City,2023-02-16,Thursday,2,Winter,0,300,0,50,4,40,16,119,110,57,53,82,100,92,60,1,Beds
Metro City,2023-02-17,Friday,2,Winter,0,300,0,50,0,40,11,116,108,48,60,86,100,100,72.5,1,Beds
Metro City,2023-02-18,Saturday,2,Winter,1,300,6,50,1,40,19,133,108,44,64,80,98,98,52.5,1,Beds
Metro City,2023-02-19,Sunday,2,Winter,1,300,0,50,0,40,20,95,142,60,82,123,100,100,50,1,Beds
Metro City,2023-02-20,Monday,2,Winter,0,300,0,50,6,40,17,118,111,52,59,86,100,88,57.5,1,Beds
Metro City,2023-02-21,Tuesday,2,Winter,0,300,0,50,18,40,20,122,112,57,55,94,100,64,50,1,Beds
Metro City,2023-02-22,Wednesday,2,Winter,0,300,21,50,2,40,13,118,109,59,50,87,93,96,67.5,1,Beds
Metro City,2023-02-23,Thursday,2,Winter,0,300,3,50,6,40,19,104,107,53,54,82,99,88,52.5,1,Beds
Metro City,2023-02-24,Friday,2,Winter,0,300,0,50,5,40,10,107,111,58,53,92,100,90,75,1,Beds
Metro City,2023-02-25,Saturday,2,Winter,1,300,0,50,3,40,19,129,110,53,57,97,100,94,52.5,1,Beds
Metro City,2023-02-26,Sunday,2,Winter,1,300,0,50,0,40,18,109,108,55,53,87,100,100,55,1,Beds
Metro City,2023-02-27,Monday,2,Winter,0,300,36,50,7,40,15,136,111,52,59,94,88,86,62.5,0,
Metro City,2023-02-28,Tuesday,2,Winter,0,300,0,50,14,40,25,127,109,63,46,103,100,72,37.5,1,Beds
Metro City,2023-03-01,Wednesday,3,Spring,0,300,0,50,0,40,11,109,111,45,66,91,100,100,72.5,1,Beds
Metro City,2023-03-02,Thursday,3,Spring,0,300,0,50,14,40,21,110,80,34,46,75,100,72,47.5,1,Beds
Metro City,2023-03-03,Friday,3,Spring,0,300,7,50,0,40,7,127,82,39,43,62,97.67,100,82.5,1,Beds
Metro City,2023-03-04,Saturday,3,Spring,1,300,0,50,18,40,22,108,86,42,44,62,100,64,45,1,Beds
Metro City,2023-03-05,Sunday,3,Spring,1,300,7,50,20,40,22,128,119,49,70,108,97.67,60,45,1,Beds
Metro City,2023-03-06,Monday,3,Spring,0,300,21,50,13,40,18,118,82,32,50,66,93,74,55,1,Beds
Metro City,2023-03-07,Tuesday,3,Spring,0,300,3,50,18,40,21,123,85,36,49,74,99,64,47.5,1,Beds
Metro City,2023-03-08,Wednesday,3,Spring,0,300,0,50,15,40,18,115,116,51,65,83,100,70,55,1,Beds
Metro City,2023-03-09,Thursday,3,Spring,0,300,0,50,0,40,6,138,81,39,42,73,100,100,85,1,Beds
Metro City,2023-03-10,Friday,3,Spring,0,300,0,50,8,40,13,122,82,37,45,60,100,84,67.5,1,Beds
Metro City,2023-03-11,Saturday,3,Spring,1,300,0,50,3,40,8,111,116,53,63,103,100,94,80,1,Beds
Metro City,2023-03-12,Sunday,3,Spring,1,300,4,50,6,40,21,121,83,40,43,58,98.67,88,47.5,1,Beds
Metro City,2023-03-13,Monday,3,Spring,0,300,51,50,4,40,13,137,84,46,38,62,83,92,67.5,1,ICU
Metro City,2023-03-14,Tuesday,3,Spring,0,300,4,50,11,40,24,127,83,47,36,63,98.67,78,40,1,Beds
Metro City,2023-03-15,Wednesday,3,Spring,0,300,3,50,14,40,18,125,83,34,49,73,99,72,55,1,Beds
Metro City,2023-03-16,Thursday,3,Spring,0,300,10,50,0,40,17,117,81,36,45,71,96.67,100,57.5,1,Beds
Metro City,2023-03-17,Friday,3,Spring,0,300,0,50,0,40,10,130,83,44,39,68,100,100,75,1,Beds
Metro City,2023-03-18,Saturday,3,Spring,1,300,18,50,0,40,19,101,84,46,38,77,94,100,52.5,1,Beds
Metro City,2023-03-19,Sunday,3,Spring,1,300,4,50,0,40,18,114,82,46,36,57,98.67,100,55,1,Beds
Metro City,2023-03-20,Monday,3,Spring,0,300,0,50,0,40,13,118,81,38,43,65,100,100,67.5,1,Beds
Metro City,2023-03-21,Tuesday,3,Spring,0,300,47,50,7,40,20,109,82,35,47,73,84.33,86,50,0,
Metro City,2023-03-22,Wednesday,3,Spring,0,300,0,50,0,40,6,124,83,41,42,62,100,100,85,1,Beds
Metro City,2023-03-23,Thursday,3,Spring,0,300,0,50,3,40,12,109,83,39,44,69,100,94,70,1,Beds
Metro City,2023-03-24,Friday,3,Spring,0,300,10,50,19,40,25,130,83,44,39,60,96.67,62,37.5,1,Beds
Metro City,2023-03-25,Saturday,3,Spring,1,300,12,50,1,40,13,124,82,35,47,65,96,98,67.5,1,Beds
Metro City,2023-03-26,Sunday,3,Spring,1,300,38,50,20,40,20,143,84,46,38,71,87.33,60,50,0,
Metro City,2023-03-27,Monday,3,Spring,0,300,0,50,0,40,10,114,86,45,41,67,100,100,75,1,Beds
Metro City,2023-03-28,Tuesday,3,Spring,0,300,0,50,0,40,15,119,80,41,39,74,100,100,62.5,1,Beds
Metro City,2023-03-29,Wednesday,3,Spring,0,300,53,50,21,40,25,118,83,35,48,76,82.33,58,37.5,0,
Metro City,2023-03-30,Thursday,3,Spring,0,300,0,50,16,40,24,127,84,35,49,63,100,68,40,1,Beds
Metro City,2023-03-31,Friday,3,Spring,0,300,0,50,0,40,17,112,113,48,65,106,100,100,57.5,1,Beds
Metro City,2023-04-01,Saturday,4,Spring,1,300,42,50,16,40,17,130,80,35,45,73,86,68,57.5,0,
Metro City,2023-04-02,Sunday,4,Spring,1,300,0,50,0,40,17,103,85,46,39,79,100,100,57.5,1,Beds
Metro City,2023-04-03,Monday,4,Spring,0,300,16,50,0,40,15,124,86,39,47,75,94.67,100,62.5,1,Beds
Metro City,2023-04-04,Tuesday,4,Spring,0,300,0,50,9,40,17,123,86,35,51,68,100,82,57.5,1,Beds
Metro City,2023-04-05,Wednesday,4,Spring,0,300,30,50,3,40,15,117,88,37,51,74,90,94,62.5,1,ICU
Metro City,2023-04-06,Thursday,4,Spring,0,300,43,50,12,40,20,129,82,36,46,66,85.67,76,50,0,
Metro City,2023-04-07,Friday,4,Spring,0,300,15,50,1,40,10,116,81,46,35,75,95,98,75,1,Beds
Metro City,2023-04-08,Saturday,4,Spring,1,300,55,50,5,40,14,106,84,48,36,61,81.67,90,65,0,
Metro City,2023-04-09,Sunday,4,Spring,1,300,63,50,7,40,21,133,81,46,35,58,79,86,47.5,0,
Metro City,2023-04-10,Monday,4,Spring,0,300,49,50,7,40,13,138,81,35,46,60,83.67,86,67.5,0,
Metro City,2023-04-11,Tuesday,4,Spring,0,300,33,50,22,40,23,130,84,45,39,62,89,56,42.5,0,
Metro City,2023-04-12,Wednesday,4,Spring,0,300,0,50,0,40,12,132,83,35,48,65,100,100,70,1,Beds
Metro City,2023-04-13,Thursday,4,Spring,0,300,58,50,23,40,24,99,82,36,46,65,80.67,54,40,0,
Metro City,2023-04-14,Friday,4,Spring,0,300,0,50,4,40,17,133,82,46,36,72,100,92,57.5,1,Beds
Metro City,2023-04-15,Saturday,4,Spring,1,300,3,50,6,40,22,116,110,44,66,92,99,88,45,1,Beds
Metro City,2023-04-16,Sunday,4,Spring,1,300,10,50,8,40,13,125,84,40,44,60,96.67,84,67.5,1,Beds
Metro City,2023-04-17,Monday,4,Spring,0,300,0,50,19,40,20,131,113,55,58,101,100,62,50,1,Beds
Metro City,2023-04-18,Tuesday,4,Spring,0,300,47,50,17,40,24,104,86,42,44,72,84.33,66,40,0,
Metro City,2023-04-19,Wednesday,4,Spring,0,300,0,50,12,40,19,116,113,67,46,103,100,76,52.5,1,Beds
Metro City,2023-04-20,Thursday,4,Spring,0,300,33,50,22,40,25,113,84,36,48,60,89,56,37.5,0,
Metro City,2023-04-21,Friday,4,Spring,0,300,0,50,0,40,9,122,84,47,37,70,100,100,77.5,1,Beds
Metro City,2023-04-22,Saturday,4,Spring,1,300,0,50,8,40,13,116,86,35,51,76,100,84,67.5,1,Beds
Metro City,2023-04-23,Sunday,4,Spring,1,300,26,50,12,40,22,123,85,37,48,78,91.33,76,45,1,Beds
Metro City,2023-04-24,Monday,4,Spring,0,300,0,50,6,40,21,114,81,47,34,76,100,88,47.5,1,Beds
Metro City,2023-04-25,Tuesday,4,Spring,0,300,56,50,17,40,24,134,83,33,50,58,81.33,66,40,0,
Metro City,2023-04-26,Wednesday,4,Spring,0,300,0,50,0,40,6,107,84,35,49,79,100,100,85,1,Beds
Metro City,2023-04-27,Thursday,4,Spring,0,300,19,50,17,40,19,122,81,43,38,72,93.67,66,52.5,1,Beds
Metro City,2023-04-28,Friday,4,Spring,0,300,32,50,0,40,15,112,83,49,34,71,89.33,100,62.5,1,ICU
Metro City,2023-04-29,Saturday,4,Spring,1,300,0,50,9,40,17,122,113,50,63,88,100,82,57.5,1,Beds
Metro City,2023-04-30,Sunday,4,Spring,1,300,0,50,0,40,12,101,87,40,47,69,100,100,70,1,Beds
Metro City,2023-05-01,Monday,5,Spring,0,300,0,50,5,40,12,115,86,38,48,80,100,90,70,1,Beds
Metro City,2023-05-02,Tuesday,5,Spring,0,300,40,50,13,40,20,131,84,42,42,73,86.67,74,50,0,
Metro City,2023-05-03,Wednesday,5,Spring,0,300,12,50,21,40,23,122,84,41,43,60,96,58,42.5,1,Beds
Metro City,2023-05-04,Thursday,5,Spring,0,300,49,50,18,40,26,129,83,41,42,75,83.67,64,35,0,
Metro City,2023-05-05,Friday,5,Spring,0,300,34,50,2,40,21,135,83,35,48,65,88.67,96,47.5,1,ICU
Metro City,2023-05-06,Saturday,5,Spring,1,300,50,50,23,40,24,113,80,37,43,70,83.33,54,40,0,
Metro City,2023-05-07,Sunday,5,Spring,1,300,6,50,13,40,19,123,82,42,40,66,98,74,52.5,1,Beds
Metro City,2023-05-08,Monday,5,Spring,0,300,0,50,0,40,15,123,114,51,63,94,100,100,62.5,1,Beds
Metro City,2023-05-09,Tuesday,5,Spring,0,300,45,50,10,40,21,125,85,38,47,79,85,80,47.5,0,
Metro City,2023-05-10,Wednesday,5,Spring,0,300,14,50,20,40,27,121,82,40,42,67,95.33,60,32.5,1,Beds
Metro City,2023-05-11,Thursday,5,Spring,0,300,2,50,0,40,10,135,83,38,45,74,99.33,100,75,1,Beds
Metro City,2023-05-12,Friday,5,Spring,0,300,0,50,12,40,19,115,87,47,40,65,100,76,52.5,1,Beds
Metro City,2023-05-13,Saturday,5,Spring,1,300,57,50,19,40,27,131,80,35,45,66,81,62,32.5,0,
Metro City,2023-05-14,Sunday,5,Spring,1,300,60,50,8,40,18,123,82,47,35,57,80,84,55,0,
Metro City,2023-05-15,Monday,5,Spring,0,300,20,50,18,40,26,114,84,37,47,69,93.33,64,35,1,Beds
Metro City,2023-05-16,Tuesday,5,Spring,0,300,0,50,0,40,15,133,84,37,47,68,100,100,62.5,1,Beds
Metro City,2023-05-17,Wednesday,5,Spring,0,300,63,50,15,40,19,117,83,49,34,77,79,70,52.5,0,
Metro City,2023-05-18,Thursday,5,Spring,0,300,0,50,9,40,20,112,83,37,46,60,100,82,50,1,Beds
Metro City,2023-05-19,Friday,5,Spring,0,300,0,50,5,40,14,114,83,49,34,66,100,90,65,1,Beds
Metro City,2023-05-20,Saturday,5,Spring,1,300,17,50,16,40,18,96,83,41,42,78,94.33,68,55,1,Beds
Metro City,2023-05-21,Sunday,5,Spring,1,300,53,50,19,40,21,104,81,34,47,62,82.33,62,47.5,0,
Metro City,2023-05-22,Monday,5,Spring,0,300,14,50,7,40,13,98,81,44,37,63,95.33,86,67.5,1,Beds
Metro City,2023-05-23,Tuesday,5,Spring,0,300,0,50,8,40,20,109,84,34,50,73,100,84,50,1,Beds
Metro City,2023-05-24,Wednesday,5,Spring,0,300,0,50,0,40,20,114,86,42,44,75,100,100,50,1,Beds
Metro City,2023-05-25,Thursday,5,Spring,0,300,32,50,11,40,21,137,84,40,44,70,89.33,78,47.5,0,
Metro City,2023-05-26,Friday,5,Spring,0,300,0,50,12,40,15,130,85,34,51,64,100,76,62.5,1,Beds
Metro City,2023-05-27,Saturday,5,Spring,1,300,0,50,0,40,19,113,84,38,46,68,100,100,52.5,1,Beds
Metro City,2023-05-28,Sunday,5,Spring,1,300,14,50,14,40,17,122,85,48,37,71,95.33,72,57.5,1,Beds
Metro City,2023-05-29,Monday,5,Spring,0,300,0,50,16,40,26,119,85,41,44,80,100,68,35,1,Beds
Metro City,2023-05-30,Tuesday,5,Spring,0,300,0,50,11,40,18,112,80,45,35,68,100,78,55,1,Beds
Metro City,2023-05-31,Wednesday,5,Spring,0,300,19,50,2,40,17,115,113,55,58,93,93.67,96,57.5,1,Beds
Metro City,2023-06-01,Thursday,6,Summer,0,300,49,50,15,40,23,118,81,43,38,71,83.67,70,42.5,0,
Metro City,2023-06-02,Friday,6,Summer,0,300,0,50,19,40,25,130,85,47,38,75,100,62,37.5,1,Beds
Metro City,2023-06-03,Saturday,6,Summer,1,300,56,50,19,40,24,119,85,41,44,79,81.33,62,40,0,
Metro City,2023-06-04,Sunday,6,Summer,1,300,42,50,17,40,26,125,83,44,39,64,86,66,35,0,
Metro City,2023-06-05,Monday,6,Summer,0,300,47,50,3,40,11,122,83,40,43,67,84.33,94,72.5,1,ICU
Metro City,2023-06-06,Tuesday,6,Summer,0,300,0,50,20,40,22,99,89,41,48,67,100,60,45,1,Beds
Metro City,2023-06-07,Wednesday,6,Summer,0,300,0,50,0,40,18,142,88,47,41,78,100,100,55,1,Beds
Metro City,2023-06-08,Thursday,6,Summer,0,300,0,50,4,40,18,117,85,35,50,63,100,92,55,1,Beds
Metro City,2023-06-09,Friday,6,Summer,0,300,44,50,7,40,19,127,80,46,34,69,85.33,86,52.5,0,
Metro City,2023-06-10,Saturday,6,Summer,1,300,8,50,3,40,11,111,85,39,46,72,97.33,94,72.5,1,Beds
Metro City,2023-06-11,Sunday,6,Summer,1,300,0,50,14,40,18,127,85,39,46,79,100,72,55,1,Beds
Metro City,2023-06-12,Monday,6,Summer,0,300,45,50,12,40,15,121,82,33,49,76,85,76,62.5,0,
Metro City,2023-06-13,Tuesday,6,Summer,0,300,0,50,7,40,18,115,84,43,41,74,100,86,55,1,Beds
Metro City,2023-06-14,Wednesday,6,Summer,0,300,0,50,1,40,8,124,112,50,62,103,100,98,80,1,Beds
Metro City,2023-06-15,Thursday,6,Summer,0,300,11,50,19,40,24,130,85,39,46,61,96.33,62,40,1,Beds
Metro City,2023-06-16,Friday,6,Summer,0,300,32,50,17,40,26,111,83,34,49,61,89.33,66,35,0,
Metro City,2023-06-17,Saturday,6,Summer,1,300,0,50,7,40,12,113,83,33,50,60,100,86,70,1,Beds
Metro City,2023-06-18,Sunday,6,Summer,1,300,0,50,0,40,19,131,116,69,47,101,100,100,52.5,1,Beds
Metro City,2023-06-19,Monday,6,Summer,0,300,0,50,18,40,23,106,84,40,44,65,100,64,42.5,1,Beds
Metro City,2023-06-20,Tuesday,6,Summer,0,300,41,50,18,40,21,119,85,34,51,62,86.33,64,47.5,0,
Metro City,2023-06-21,Wednesday,6,Summer,0,300,6,50,16,40,26,123,83,37,46,71,98,68,35,1,Beds
Metro City,2023-06-22,Thursday,6,Summer,0,300,61,50,23,40,22,111,85,35,50,75,79.67,54,45,0,
Metro City,2023-06-23,Friday,6,Summer,0,300,7,50,9,40,18,114,82,34,48,64,97.67,82,55,1,Beds
Metro City,2023-06-24,Saturday,6,Summer,1,300,0,50,7,40,14,128,85,38,47,66,100,86,65,1,Beds
Metro City,2023-06-25,Sunday,6,Summer,1,300,56,50,25,40,26,106,82,38,44,68,81.33,50,35,0,
Metro City,2023-06-26,Monday,6,Summer,0,300,0,50,8,40,22,117,83,45,38,63,100,84,45,1,Beds
Metro City,2023-06-27,Tuesday,6,Summer,0,300,0,50,15,40,19,111,83,41,42,61,100,70,52.5,1,Beds
Metro City,2023-06-28,Wednesday,6,Summer,0,300,41,50,14,40,18,125,81,40,41,60,86.33,72,55,0,
Metro City,2023-06-29,Thursday,6,Summer,0,300,0,50,18,40,22,114,87,38,49,66,100,64,45,1,Beds
Metro City,2023-06-30,Friday,6,Summer,0,300,38,50,15,40,16,115,87,46,41,62,87.33,70,60,0,
Metro City,2023-07-01,Saturday,7,Summer,1,300,44,50,6,40,15,121,80,39,41,70,85.33,88,62.5,0,
Metro City,2023-07-02,Sunday,7,Summer,1,300,0,50,9,40,23,89,115,60,55,106,100,82,42.5,1,Beds
Metro City,2023-07-03,Monday,7,Summer,0,300,18,50,0,40,19,126,82,39,43,76,94,100,52.5,1,Beds
Metro City,2023-07-04,Tuesday,7,Summer,0,300,0,50,15,40,20,129,83,45,38,67,100,70,50,1,Beds
Metro City,2023-07-05,Wednesday,7,Summer,0,300,64,50,26,40,28,131,85,49,36,61,78.67,48,30,0,
Metro City,2023-07-06,Thursday,7,Summer,0,300,0,50,0,40,6,130,84,37,47,78,100,100,85,1,Beds
Metro City,2023-07-07,Friday,7,Summer,0,300,5,50,17,40,21,122,81,45,36,69,98.33,66,47.5,1,Beds
Metro City,2023-07-08,Saturday,7,Summer,1,300,50,50,3,40,20,120,84,34,50,60,83.33,94,50,1,ICU
Metro City,2023-07-09,Sunday,7,Summer,1,300,3,50,5,40,15,123,82,48,34,58,99,90,62.5,1,Beds
Metro City,2023-07-10,Monday,7,Summer,0,300,5,50,19,40,22,125,85,43,42,69,98.33,62,45,1,Beds
Metro City,2023-07-11,Tuesday,7,Summer,0,300,52,50,11,40,24,119,87,37,50,79,82.67,78,40,0,
Metro City,2023-07-12,Wednesday,7,Summer,0,300,0,50,5,40,16,125,86,36,50,73,100,90,60,1,Beds
Metro City,2023-07-13,Thursday,7,Summer,0,300,30,50,0,40,7,140,82,39,43,74,90,100,82.5,1,ICU
Metro City,2023-07-14,Friday,7,Summer,0,300,0,50,0,40,17,118,83,43,40,78,100,100,57.5,1,Beds
Metro City,2023-07-15,Saturday,7,Summer,1,300,10,50,13,40,21,123,81,46,35,68,96.67,74,47.5,1,Beds
Metro City,2023-07-16,Sunday,7,Summer,1,300,0,50,10,40,18,131,83,36,47,67,100,80,55,1,Beds
Metro City,2023-07-17,Monday,7,Summer,0,300,0,50,11,40,19,114,86,35,51,72,100,78,52.5,1,Beds
Metro City,2023-07-18,Tuesday,7,Summer,0,300,0,50,17,40,20,134,80,33,47,60,100,66,50,1,Beds
Metro City,2023-07-19,Wednesday,7,Summer,0,300,33,50,12,40,14,109,83,38,45,59,89,76,65,0,
Metro City,2023-07-20,Thursday,7,Summer,0,300,9,50,14,40,21,104,81,35,46,71,97,72,47.5,1,Beds
Metro City,2023-07-21,Friday,7,Summer,0,300,34,50,15,40,17,143,86,46,40,64,88.67,70,57.5,0,
Metro City,2023-07-22,Saturday,7,Summer,1,300,43,50,17,40,27,119,83,48,35,78,85.67,66,32.5,0,
Metro City,2023-07-23,Sunday,7,Summer,1,300,22,50,1,40,13,121,80,38,42,72,92.67,98,67.5,1,Beds
Metro City,2023-07-24,Monday,7,Summer,0,300,67,50,13,40,19,105,82,41,41,58,77.67,74,52.5,0,
Metro City,2023-07-25,Tuesday,7,Summer,0,300,58,50,7,40,21,131,82,48,34,72,80.67,86,47.5,0,
Metro City,2023-07-26,Wednesday,7,Summer,0,300,0,50,5,40,13,121,80,40,40,57,100,90,67.5,1,Beds
Metro City,2023-07-27,Thursday,7,Summer,0,300,0,50,6,40,18,119,85,46,39,78,100,88,55,1,Beds
Metro City,2023-07-28,Friday,7,Summer,0,300,3,50,11,40,18,132,82,42,40,60,99,78,55,1,Beds
Metro City,2023-07-29,Saturday,7,Summer,1,300,44,50,20,40,20,126,83,35,48,61,85.33,60,50,0,
Metro City,2023-07-30,Sunday,7,Summer,1,300,0,50,19,40,23,112,114,56,58,88,100,62,42.5,1,Beds
Metro City,2023-07-31,Monday,7,Summer,0,300,21,50,22,40,23,113,83,35,48,65,93,56,42.5,1,Beds
Metro City,2023-08-01,Tuesday,8,Summer,0,300,0,50,10,40,18,131,81,35,46,76,100,80,55,1,Beds
Metro City,2023-08-02,Wednesday,8,Summer,0,300,0,50,9,40,16,120,113,48,65,89,100,82,60,1,Beds
Metro City,2023-08-03,Thursday,8,Summer,0,300,44,50,6,40,22,137,82,35,47,61,85.33,88,45,0,
Metro City,2023-08-04,Friday,8,Summer,0,300,37,50,1,40,14,98,81,43,38,73,87.67,98,65,1,ICU
Metro City,2023-08-05,Saturday,8,Summer,1,300,0,50,0,40,10,119,81,46,35,63,100,100,75,1,Beds
Metro City,2023-08-06,Sunday,8,Summer,1,300,50,50,13,40,25,133,82,46,36,68,83.33,74,37.5,0,
Metro City,2023-08-07,Monday,8,Summer,0,300,0,50,11,40,15,120,81,44,37,76,100,78,62.5,1,Beds
Metro City,2023-08-08,Tuesday,8,Summer,0,300,33,50,3,40,16,115,83,46,37,67,89,94,60,1,ICU
Metro City,2023-08-09,Wednesday,8,Summer,0,300,19,50,2,40,17,97,80,37,43,66,93.67,96,57.5,1,Beds
Metro City,2023-08-10,Thursday,8,Summer,0,300,57,50,13,40,22,126,81,43,38,71,81,74,45,0,
Metro City,2023-08-11,Friday,8,Summer,0,300,29,50,12,40,24,119,83,45,38,69,90.33,76,40,1,Beds
Metro City,2023-08-12,Saturday,8,Summer,1,300,0,50,8,40,23,122,83,34,49,72,100,84,42.5,1,Beds
Metro City,2023-08-13,Sunday,8,Summer,1,300,0,50,4,40,16,117,87,44,43,80,100,92,60,1,Beds
Metro City,2023-08-14,Monday,8,Summer,0,300,39,50,3,40,13,112,84,41,43,68,87,94,67.5,1,ICU
Metro City,2023-08-15,Tuesday,8,Summer,0,300,44,50,24,40,24,127,82,42,40,71,85.33,52,40,0,
Metro City,2023-08-16,Wednesday,8,Summer,0,300,0,50,0,40,17,120,84,41,43,71,100,100,57.5,1,Beds
Metro City,2023-08-17,Thursday,8,Summer,0,300,41,50,16,40,22,128,83,35,48,67,86.33,68,45,0,
Metro City,2023-08-18,Friday,8,Summer,0,300,59,50,19,40,23,122,84,34,50,77,80.33,62,42.5,0,
Metro City,2023-08-19,Saturday,8,Summer,1,300,48,50,5,40,19,115,85,40,45,78,84,90,52.5,0,
Metro City,2023-08-20,Sunday,8,Summer,1,300,0,50,0,40,17,114,85,47,38,69,100,100,57.5,1,Beds
Metro City,2023-08-21,Monday,8,Summer,0,300,15,50,14,40,26,130,82,48,34,75,95,72,35,1,Beds
Metro City,2023-08-22,Tuesday,8,Summer,0,300,0,50,18,40,27,125,85,43,42,77,100,64,32.5,1,Beds
Metro City,2023-08-23,Wednesday,8,Summer,0,300,32,50,0,40,16,117,89,47,42,84,89.33,100,60,1,ICU
Metro City,2023-08-24,Thursday,8,Summer,0,300,35,50,4,40,14,125,82,48,34,72,88.33,92,65,1,ICU
Metro City,2023-08-25,Friday,8,Summer,0,300,48,50,13,40,15,133,87,41,46,82,84,74,62.5,0,
Metro City,2023-08-26,Saturday,8,Summer,1,300,34,50,12,40,15,135,81,39,42,61,88.67,76,62.5,0,
Metro City,2023-08-27,Sunday,8,Summer,1,300,0,50,18,40,20,120,81,48,33,73,100,64,50,1,Beds
Metro City,2023-08-28,Monday,8,Summer,0,300,0,50,18,40,19,128,84,46,38,76,100,64,52.5,1,Beds
Metro City,2023-08-29,Tuesday,8,Summer,0,300,49,50,8,40,12,105,86,45,41,70,83.67,84,70,0,
Metro City,2023-08-30,Wednesday,8,Summer,0,300,0,50,20,40,28,113,85,37,48,61,100,60,30,1,Beds
Metro City,2023-08-31,Thursday,8,Summer,0,300,29,50,14,40,20,129,85,37,48,76,90.33,72,50,1,Beds
Metro City,2023-09-01,Friday,9,Autumn,0,300,3,50,0,40,10,128,81,40,41,62,99,100,75,1,Beds
Metro City,2023-09-02,Saturday,9,Autumn,1,300,33,50,2,40,20,108,82,42,40,60,89,96,50,1,ICU
Metro City,2023-09-03,Sunday,9,Autumn,1,300,24,50,3,40,9,136,81,35,46,69,92,94,77.5,1,Beds
Metro City,2023-09-04,Monday,9,Autumn,0,300,0,50,7,40,19,121,112,61,51,80,100,86,52.5,1,Beds
Metro City,2023-09-05,Tuesday,9,Autumn,0,300,0,50,9,40,13,107,82,44,38,70,100,82,67.5,1,Beds
Metro City,2023-09-06,Wednesday,9,Autumn,0,300,0,50,17,40,22,120,83,41,42,67,100,66,45,1,Beds
Metro City,2023-09-07,Thursday,9,Autumn,0,300,46,50,8,40,16,125,83,33,50,60,84.67,84,60,0,
Metro City,2023-09-08,Friday,9,Autumn,0,300,24,50,18,40,20,100,81,45,36,72,92,64,50,1,Beds
Metro City,2023-09-09,Saturday,9,Autumn,1,300,8,50,19,40,24,136,85,45,40,70,97.33,62,40,1,Beds
Metro City,2023-09-10,Sunday,9,Autumn,1,300,14,50,14,40,22,111,81,42,39,70,95.33,72,45,1,Beds
Metro City,2023-09-11,Monday,9,Autumn,0,300,28,50,22,40,23,114,85,41,44,64,90.67,56,42.5,1,Beds
Metro City,2023-09-12,Tuesday,9,Autumn,0,300,59,50,8,40,22,132,80,36,44,57,80.33,84,45,0,
Metro City,2023-09-13,Wednesday,9,Autumn,0,300,44,50,12,40,15,127,83,35,48,75,85.33,76,62.5,0,
Metro City,2023-09-14,Thursday,9,Autumn,0,300,38,50,10,40,24,116,84,40,44,65,87.33,80,40,0,
Metro City,2023-09-15,Friday,9,Autumn,0,300,13,50,4,40,17,125,82,44,38,70,95.67,92,57.5,1,Beds
Metro City,2023-09-16,Saturday,9,Autumn,1,300,56,50,20,40,22,128,86,38,48,67,81.33,60,45,0,
Metro City,2023-09-17,Sunday,9,Autumn,1,300,66,50,6,40,11,118,84,37,47,64,78,88,72.5,0,
Metro City,2023-09-18,Monday,9,Autumn,0,300,0,50,10,40,23,116,86,42,44,60,100,80,42.5,1,Beds
Metro City,2023-09-19,Tuesday,9,Autumn,0,300,0,50,7,40,14,110,85,42,43,80,100,86,65,1,Beds
Metro City,2023-09-20,Wednesday,9,Autumn,0,300,3,50,0,40,16,123,114,49,65,84,99,100,60,1,Beds
Metro City,2023-09-21,Thursday,9,Autumn,0,300,33,50,7,40,20,111,82,47,35,77,89,86,50,0,
Metro City,2023-09-22,Friday,9,Autumn,0,300,57,50,25,40,28,124,84,33,51,65,81,50,30,0,
Metro City,2023-09-23,Saturday,9,Autumn,1,300,18,50,6,40,17,110,85,49,36,76,94,88,57.5,1,Beds
Metro City,2023-09-24,Sunday,9,Autumn,1,300,52,50,13,40,25,113,82,36,46,77,82.67,74,37.5,0,
Metro City,2023-09-25,Monday,9,Autumn,0,300,47,50,11,40,23,107,83,45,38,66,84.33,78,42.5,0,
Metro City,2023-09-26,Tuesday,9,Autumn,0,300,0,50,6,40,16,120,86,50,36,73,100,88,60,1,Beds
Metro City,2023-09-27,Wednesday,9,Autumn,0,300,53,50,16,40,24,113,85,40,45,79,82.33,68,40,0,
Metro City,2023-09-28,Thursday,9,Autumn,0,300,0,50,15,40,25,117,83,37,46,70,100,70,37.5,1,Beds
Metro City,2023-09-29,Friday,9,Autumn,0,300,51,50,8,40,16,108,83,36,47,77,83,84,60,0,
Metro City,2023-09-30,Saturday,9,Autumn,1,300,25,50,8,40,20,134,84,48,36,75,91.67,84,50,1,Beds
Metro City,2023-10-01,Sunday,10,Autumn,1,300,16,50,13,40,23,120,81,33,48,69,94.67,74,42.5,1,Beds
Metro City,2023-10-02,Monday,10,Autumn,0,300,66,50,16,40,17,118,81,32,49,58,78,68,57.5,0,
Metro City,2023-10-03,Tuesday,10,Autumn,0,300,5,50,7,40,22,127,112,65,47,89,98.33,86,45,1,Beds
Metro City,2023-10-04,Wednesday,10,Autumn,0,300,64,50,21,40,28,147,84,48,36,72,78.67,58,30,0,
Metro City,2023-10-05,Thursday,10,Autumn,0,300,31,50,6,40,18,131,85,50,35,63,89.67,88,55,0,
Metro City,2023-10-06,Friday,10,Autumn,0,300,14,50,6,40,15,120,85,48,37,63,95.33,88,62.5,1,Beds
Metro City,2023-10-07,Saturday,10,Autumn,1,300,0,50,16,40,26,130,83,38,45,60,100,68,35,1,Beds
Metro City,2023-10-08,Sunday,10,Autumn,1,300,55,50,10,40,24,131,82,37,45,69,81.67,80,40,0,
Metro City,2023-10-09,Monday,10,Autumn,0,300,0,50,0,40,19,114,87,35,52,77,100,100,52.5,1,Beds
Metro City,2023-10-10,Tuesday,10,Autumn,0,300,33,50,0,40,7,137,85,40,45,70,89,100,82.5,1,ICU
Metro City,2023-10-11,Wednesday,10,Autumn,0,300,22,50,7,40,15,122,83,40,43,60,92.67,86,62.5,1,Beds
Metro City,2023-10-12,Thursday,10,Autumn,0,300,46,50,11,40,14,108,83,35,48,72,84.67,78,65,0,
Metro City,2023-10-13,Friday,10,Autumn,0,300,6,50,14,40,24,102,84,36,48,59,98,72,40,1,Beds
Metro City,2023-10-14,Saturday,10,Autumn,1,300,59,50,8,40,19,126,87,35,52,64,80.33,84,52.5,0,
Metro City,2023-10-15,Sunday,10,Autumn,1,300,43,50,24,40,30,112,85,38,47,63,85.67,52,25,0,
Metro City,2023-10-16,Monday,10,Autumn,0,300,0,50,19,40,19,130,83,44,39,66,100,62,52.5,1,Beds
Metro City,2023-10-17,Tuesday,10,Autumn,0,300,58,50,4,40,8,129,81,41,40,65,80.67,92,80,1,ICU
Metro City,2023-10-18,Wednesday,10,Autumn,0,300,0,50,20,40,27,120,115,47,68,100,100,60,32.5,1,Beds
Metro City,2023-10-19,Thursday,10,Autumn,0,300,32,50,12,40,19,120,86,42,44,62,89.33,76,52.5,0,
Metro City,2023-10-20,Friday,10,Autumn,0,300,67,50,24,40,29,110,82,38,44,65,77.67,52,27.5,0,
Metro City,2023-10-21,Saturday,10,Autumn,1,300,0,50,0,40,12,121,82,35,47,69,100,100,70,1,Beds
Metro City,2023-10-22,Sunday,10,Autumn,1,300,0,50,0,40,10,145,82,33,49,77,100,100,75,1,Beds
Metro City,2023-10-23,Monday,10,Autumn,0,300,0,50,14,40,16,123,83,37,46,76,100,72,60,1,Beds
Metro City,2023-10-24,Tuesday,10,Autumn,0,300,27,50,18,40,23,116,81,44,37,75,91,64,42.5,1,Beds
Metro City,2023-10-25,Wednesday,10,Autumn,0,300,9,50,19,40,21,121,84,42,42,77,97,62,47.5,1,Beds
Metro City,2023-10-26,Thursday,10,Autumn,0,300,15,50,8,40,14,113,113,57,56,93,95,84,65,1,Beds
Metro City,2023-10-27,Friday,10,Autumn,0,300,0,50,19,40,22,123,114,48,66,101,100,62,45,1,Beds
Metro City,2023-10-28,Saturday,10,Autumn,1,300,0,50,0,40,16,120,85,45,40,64,100,100,60,1,Beds
Metro City,2023-10-29,Sunday,10,Autumn,1,300,0,50,6,40,17,116,84,45,39,67,100,88,57.5,1,Beds
Metro City,2023-10-30,Monday,10,Autumn,0,300,13,50,11,40,16,114,87,50,37,78,95.67,78,60,1,Beds
Metro City,2023-10-31,Tuesday,10,Autumn,0,300,0,50,6,40,17,105,83,39,44,74,100,88,57.5,1,Beds
Metro City,2023-11-01,Wednesday,11,Autumn,0,300,39,50,20,40,21,113,111,46,65,98,87,60,47.5,0,
Metro City,2023-11-02,Thursday,11,Autumn,0,300,29,50,15,40,21,125,81,40,41,58,90.33,70,47.5,1,Beds
Metro City,2023-11-03,Friday,11,Autumn,0,300,28,50,19,40,22,118,117,67,50,83,90.67,62,45,1,Beds
Metro City,2023-11-04,Saturday,11,Autumn,1,300,60,50,13,40,22,112,87,51,36,79,80,74,45,0,
Metro City,2023-11-05,Sunday,11,Autumn,1,300,14,50,17,40,20,129,82,38,44,60,95.33,66,50,1,Beds
Metro City,2023-11-06,Monday,11,Autumn,0,300,2,50,0,40,8,125,84,41,43,70,99.33,100,80,1,Beds
Metro City,2023-11-07,Tuesday,11,Autumn,0,300,47,50,14,40,23,126,83,34,49,59,84.33,72,42.5,0,
Metro City,2023-11-08,Wednesday,11,Autumn,0,300,0,50,16,40,27,95,85,39,46,79,100,68,32.5,1,Beds
Metro City,2023-11-09,Thursday,11,Autumn,0,300,0,50,16,40,21,116,114,60,54,81,100,68,47.5,1,Beds
Metro City,2023-11-10,Friday,11,Autumn,0,300,31,50,21,40,25,123,114,64,50,100,89.67,58,37.5,0,
Metro City,2023-11-11,Saturday,11,Autumn,1,300,51,50,9,40,23,106,83,40,43,63,83,82,42.5,0,
Metro City,2023-11-12,Sunday,11,Autumn,1,300,55,50,17,40,27,114,85,41,44,75,81.67,66,32.5,0,
Metro City,2023-11-13,Monday,11,Autumn,0,300,0,50,1,40,17,148,82,33,49,61,100,98,57.5,1,Beds
Metro City,2023-11-14,Tuesday,11,Autumn,0,300,0,50,19,40,26,122,84,34,50,79,100,62,35,1,Beds
Metro City,2023-11-15,Wednesday,11,Autumn,0,300,37,50,21,40,24,125,84,41,43,69,87.67,58,40,0,
Metro City,2023-11-16,Thursday,11,Autumn,0,300,0,50,0,40,18,127,86,37,49,81,100,100,55,1,Beds
Metro City,2023-11-17,Friday,11,Autumn,0,300,26,50,13,40,20,111,85,40,45,63,91.33,74,50,1,Beds
Metro City,2023-11-18,Saturday,11,Autumn,1,300,13,50,14,40,24,126,81,34,47,68,95.67,72,40,1,Beds
Metro City,2023-11-19,Sunday,11,Autumn,1,300,68,50,11,40,21,131,81,45,36,73,77.33,78,47.5,0,
Metro City,2023-11-20,Monday,11,Autumn,0,300,0,50,16,40,18,120,82,41,41,63,100,68,55,1,Beds
Metro City,2023-11-21,Tuesday,11,Autumn,0,300,0,50,5,40,16,115,81,38,43,64,100,90,60,1,Beds
Metro City,2023-11-22,Wednesday,11,Autumn,0,300,17,50,7,40,19,111,82,41,41,63,94.33,86,52.5,1,Beds
Metro City,2023-11-23,Thursday,11,Autumn,0,300,52,50,7,40,23,135,82,40,42,64,82.67,86,42.5,0,
Metro City,2023-11-24,Friday,11,Autumn,0,300,0,50,14,40,24,114,84,47,37,76,100,72,40,1,Beds
Metro City,2023-11-25,Saturday,11,Autumn,1,300,66,50,7,40,13,122,82,43,39,64,78,86,67.5,0,
Metro City,2023-11-26,Sunday,11,Autumn,1,300,38,50,0,40,11,119,84,44,40,69,87.33,100,72.5,1,ICU
Metro City,2023-11-27,Monday,11,Autumn,0,300,54,50,12,40,15,103,81,47,34,64,82,76,62.5,0,
Metro City,2023-11-28,Tuesday,11,Autumn,0,300,21,50,3,40,10,130,84,38,46,59,93,94,75,1,Beds
Metro City,2023-11-29,Wednesday,11,Autumn,0,300,0,50,8,40,12,119,84,45,39,64,100,84,70,1,Beds
Metro City,2023-11-30,Thursday,11,Autumn,0,300,9,50,4,40,15,111,86,44,42,78,97,92,62.5,1,Beds
Metro City,2023-12-01,Friday,12,Winter,0,300,8,50,0,40,8,126,110,49,61,101,97.33,100,80,1,Beds
Metro City,2023-12-02,Saturday,12,Winter,1,300,0,50,5,40,15,128,110,61,49,78,100,90,62.5,1,Beds
Metro City,2023-12-03,Sunday,12,Winter,1,300,22,50,19,40,26,137,108,57,51,82,92.67,62,35,1,Beds
Metro City,2023-12-04,Monday,12,Winter,0,300,0,50,0,40,9,126,112,53,59,89,100,100,77.5,1,Beds
Metro City,2023-12-05,Tuesday,12,Winter,0,300,0,50,0,40,14,125,113,66,47,96,100,100,65,1,Beds
Metro City,2023-12-06,Wednesday,12,Winter,0,300,0,50,0,40,20,141,109,54,55,90,100,100,50,1,Beds
Metro City,2023-12-07,Thursday,12,Winter,0,300,0,50,19,40,25,104,107,60,47,82,100,62,37.5,1,Beds
Metro City,2023-12-08,Friday,12,Winter,0,300,25,50,12,40,25,107,107,62,45,93,91.67,76,37.5,1,Beds
Metro City,2023-12-09,Saturday,12,Winter,1,300,35,50,0,40,20,137,110,55,55,79,88.33,100,50,1,ICU
Metro City,2023-12-10,Sunday,12,Winter,1,300,0,50,3,40,9,113,110,50,60,81,100,94,77.5,1,Beds
Metro City,2023-12-11,Monday,12,Winter,0,300,0,50,0,40,8,108,112,49,63,87,100,100,80,1,Beds
Metro City,2023-12-12,Tuesday,12,Winter,0,300,0,50,4,40,20,121,138,81,57,103,100,92,50,1,Beds
Metro City,2023-12-13,Wednesday,12,Winter,0,300,0,50,19,40,23,123,110,63,47,97,100,62,42.5,1,Beds
Metro City,2023-12-14,Thursday,12,Winter,0,300,0,50,11,40,18,114,111,58,53,81,100,78,55,1,Beds
Metro City,2023-12-15,Friday,12,Winter,0,300,0,50,0,40,16,132,111,58,53,78,100,100,60,1,Beds
Metro City,2023-12-16,Saturday,12,Winter,1,300,0,50,5,40,16,131,112,48,64,87,100,90,60,1,Beds
Metro City,2023-12-17,Sunday,12,Winter,1,300,0,50,15,40,20,126,113,47,66,100,100,70,50,1,Beds
Metro City,2023-12-18,Monday,12,Winter,0,300,0,50,0,40,17,124,111,57,54,81,100,100,57.5,1,Beds
Metro City,2023-12-19,Tuesday,12,Winter,0,300,0,50,0,40,12,115,108,60,48,84,100,100,70,1,Beds
Metro City,2023-12-20,Wednesday,12,Winter,0,300,0,50,0,40,12,119,137,60,77,127,100,100,70,1,Beds
Metro City,2023-12-21,Thursday,12,Winter,0,300,0,50,9,40,20,118,110,55,55,80,100,82,50,1,Beds
Metro City,2023-12-22,Friday,12,Winter,0,300,0,50,0,40,16,121,110,47,63,95,100,100,60,1,Beds
Metro City,2023-12-23,Saturday,12,Winter,1,300,28,50,1,40,8,112,114,60,54,84,90.67,98,80,1,Beds
Metro City,2023-12-24,Sunday,12,Winter,1,300,0,50,18,40,24,120,115,58,57,80,100,64,40,1,Beds
Metro City,2023-12-25,Monday,12,Winter,0,300,0,50,6,40,12,128,111,46,65,97,100,88,70,1,Beds
Metro City,2023-12-26,Tuesday,12,Winter,0,300,31,50,11,40,25,111,110,60,50,89,89.67,78,37.5,0,
Metro City,2023-12-27,Wednesday,12,Winter,0,300,0,50,0,40,11,117,109,56,53,91,100,100,72.5,1,Beds
Metro City,2023-12-28,Thursday,12,Winter,0,300,0,50,17,40,20,113,108,57,51,84,100,66,50,1,Beds
Metro City,2023-12-29,Friday,12,Winter,0,300,0,50,18,40,22,116,109,49,60,101,100,64,45,1,Beds
Metro City,2023-12-30,Saturday,12,Winter,1,300,0,50,4,40,21,137,110,64,46,82,100,92,47.5,1,Beds
Metro City,2023-12-31,Sunday,12,Winter,1,300,0,50,0,40,13,117,109,53,56,92,100,100,67.5,1,Beds
Metro City,2024-01-01,Monday,1,Winter,0,300,0,50,6,40,21,123,107,60,47,81,100,88,47.5,1,Beds
Metro City,2024-01-02,Tuesday,1,Winter,0,300,0,50,15,40,26,101,111,53,58,84,100,70,35,1,Beds
Metro City,2024-01-03,Wednesday,1,Winter,0,300,3,50,11,40,18,106,107,60,47,75,99,78,55,1,Beds
Metro City,2024-01-04,Thursday,1,Winter,0,300,0,50,17,40,19,101,107,44,63,88,100,66,52.5,1,Beds
Metro City,2024-01-05,Friday,1,Winter,0,300,0,50,6,40,12,103,109,54,55,98,100,88,70,1,Beds
Metro City,2024-01-06,Saturday,1,Winter,1,300,0,50,6,40,22,116,109,48,61,83,100,88,45,1,Beds
Metro City,2024-01-07,Sunday,1,Winter,1,300,0,50,13,40,18,130,107,52,55,93,100,74,55,1,Beds
Metro City,2024-01-08,Monday,1,Winter,0,300,37,50,21,40,23,125,113,66,47,86,87.67,58,42.5,0,
Metro City,2024-01-09,Tuesday,1,Winter,0,300,19,50,12,40,18,118,108,64,44,99,93.67,76,55,1,Beds
Metro City,2024-01-10,Wednesday,1,Winter,0,300,7,50,19,40,22,127,137,62,75,128,97.67,62,45,1,Beds
Metro City,2024-01-11,Thursday,1,Winter,0,300,0,50,20,40,26,134,111,66,45,102,100,60,35,1,Beds
Metro City,2024-01-12,Friday,1,Winter,0,300,0,50,0,40,10,124,139,69,70,102,100,100,75,1,Beds
Metro City,2024-01-13,Saturday,1,Winter,1,300,0,50,0,40,16,109,108,52,56,96,100,100,60,1,Beds
Metro City,2024-01-14,Sunday,1,Winter,1,300,40,50,19,40,24,122,108,55,53,101,86.67,62,40,0,
Metro City,2024-01-15,Monday,1,Winter,0,300,13,50,20,40,22,129,111,50,61,96,95.67,60,45,1,Beds
Metro City,2024-01-16,Tuesday,1,Winter,0,300,21,50,17,40,25,125,109,61,48,83,93,66,37.5,1,Beds
Metro City,2024-01-17,Wednesday,1,Winter,0,300,0,50,0,40,15,116,111,44,67,99,100,100,62.5,1,Beds
Metro City,2024-01-18,Thursday,1,Winter,0,300,34,50,10,40,24,117,107,48,59,97,88.67,80,40,0,
Metro City,2024-01-19,Friday,1,Winter,0,300,0,50,15,40,16,126,111,54,57,97,100,70,60,1,Beds
Metro City,2024-01-20,Saturday,1,Winter,1,300,17,50,19,40,24,109,111,55,56,93,94.33,62,40,1,Beds
Metro City,2024-01-21,Sunday,1,Winter,1,300,7,50,0,40,10,114,111,49,62,81,97.67,100,75,1,Beds
Metro City,2024-01-22,Monday,1,Winter,0,300,26,50,2,40,11,137,108,53,55,84,91.33,96,72.5,1,Beds
Metro City,2024-01-23,Tuesday,1,Winter,0,300,0,50,7,40,16,128,109,48,61,82,100,86,60,1,Beds
Metro City,2024-01-24,Wednesday,1,Winter,0,300,27,50,13,40,15,106,110,61,49,104,91,74,62.5,1,Beds
Metro City,2024-01-25,Thursday,1,Winter,0,300,22,50,13,40,17,130,107,59,48,75,92.67,74,57.5,1,Beds
Metro City,2024-01-26,Friday,1,Winter,0,300,0,50,12,40,25,124,141,75,66,133,100,76,37.5,1,Beds
Metro City,2024-01-27,Saturday,1,Winter,1,300,7,50,12,40,18,133,139,65,74,120,97.67,76,55,1,Beds
Metro City,2024-01-28,Sunday,1,Winter,1,300,38,50,24,40,28,129,108,43,65,90,87.33,52,30,0,
Metro City,2024-01-29,Monday,1,Winter,0,300,0,50,15,40,19,103,109,45,64,101,100,70,52.5,1,Beds
Metro City,2024-01-30,Tuesday,1,Winter,0,300,0,50,0,40,19,109,107,50,57,84,100,100,52.5,1,Beds
Metro City,2024-01-31,Wednesday,1,Winter,0,300,0,50,19,40,20,108,137,81,56,102,100,62,50,1,Beds
Metro City,2024-02-01,Thursday,2,Winter,0,300,12,50,0,40,15,122,108,50,58,84,96,100,62.5,1,Beds
Metro City,2024-02-02,Friday,2,Winter,0,300,33,50,6,40,23,109,107,48,59,90,89,88,42.5,0,
Metro City,2024-02-03,Saturday,2,Winter,1,300,32,50,3,40,21,119,112,64,48,101,89.33,94,47.5,1,ICU
Metro City,2024-02-04,Sunday,2,Winter,1,300,0,50,0,40,18,122,105,48,57,92,100,100,55,1,Beds
Metro City,2024-02-05,Monday,2,Winter,0,300,0,50,14,40,21,108,138,76,62,111,100,72,47.5,1,Beds
Metro City,2024-02-06,Tuesday,2,Winter,0,300,23,50,23,40,27,110,110,61,49,94,92.33,54,32.5,1,Beds
Metro City,2024-02-07,Wednesday,2,Winter,0,300,4,50,0,40,7,115,112,59,53,79,98.67,100,82.5,1,Beds
Metro City,2024-02-08,Thursday,2,Winter,0,300,0,50,6,40,17,126,137,71,66,123,100,88,57.5,1,Beds
Metro City,2024-02-09,Friday,2,Winter,0,300,0,50,18,40,22,144,111,45,66,100,100,64,45,1,Beds
Metro City,2024-02-10,Saturday,2,Winter,1,300,29,50,23,40,24,123,113,45,68,88,90.33,54,40,1,Beds
Metro City,2024-02-11,Sunday,2,Winter,1,300,0,50,15,40,18,123,111,54,57,99,100,70,55,1,Beds
Metro City,2024-02-12,Monday,2,Winter,0,300,0,50,14,40,26,120,110,61,49,84,100,72,35,1,Beds
Metro City,2024-02-13,Tuesday,2,Winter,0,300,30,50,0,40,6,102,108,53,55,82,90,100,85,1,ICU
Metro City,2024-02-14,Wednesday,2,Winter,0,300,0,50,17,40,18,109,109,59,50,82,100,66,55,1,Beds
Metro City,2024-02-15,Thursday,2,Winter,0,300,38,50,0,40,13,134,109,53,56,97,87.33,100,67.5,1,ICU
Metro City,2024-02-16,Friday,2,Winter,0,300,8,50,20,40,22,132,112,55,57,105,97.33,60,45,1,Beds
Metro City,2024-02-17,Saturday,2,Winter,1,300,0,50,5,40,22,132,111,62,49,87,100,90,45,1,Beds
Metro City,2024-02-18,Sunday,2,Winter,1,300,3,50,0,40,8,114,110,55,55,97,99,100,80,1,Beds
Metro City,2024-02-19,Monday,2,Winter,0,300,0,50,15,40,24,117,108,54,54,88,100,70,40,1,Beds
Metro City,2024-02-20,Tuesday,2,Winter,0,300,0,50,0,40,10,120,106,60,46,81,100,100,75,1,Beds
Metro City,2024-02-21,Wednesday,2,Winter,0,300,0,50,0,40,12,130,109,61,48,86,100,100,70,1,Beds
Metro City,2024-02-22,Thursday,2,Winter,0,300,0,50,0,40,9,103,105,51,54,99,100,100,77.5,1,Beds
Metro City,2024-02-23,Friday,2,Winter,0,300,0,50,17,40,24,133,108,56,52,100,100,66,40,1,Beds
Metro City,2024-02-24,Saturday,2,Winter,1,300,0,50,15,40,23,106,108,61,47,101,100,70,42.5,1,Beds
Metro City,2024-02-25,Sunday,2,Winter,1,300,0,50,0,40,12,118,111,56,55,84,100,100,70,1,Beds
Metro City,2024-02-26,Monday,2,Winter,0,300,0,50,15,40,18,113,111,65,46,81,100,70,55,1,Beds
Metro City,2024-02-27,Tuesday,2,Winter,0,300,0,50,7,40,17,127,111,58,53,104,100,86,57.5,1,Beds
Metro City,2024-02-28,Wednesday,2,Winter,0,300,0,50,0,40,18,117,108,58,50,77,100,100,55,1,Beds
Metro City,2024-02-29,Thursday,2,Winter,0,300,0,50,5,40,19,110,109,44,65,80,100,90,52.5,1,Beds
Metro City,2024-03-01,Friday,3,Spring,0,300,0,50,8,40,22,108,114,49,65,107,100,84,45,1,Beds
Metro City,2024-03-02,Saturday,3,Spring,1,300,3,50,0,40,16,125,88,49,39,64,99,100,60,1,Beds
Metro City,2024-03-03,Sunday,3,Spring,1,300,0,50,13,40,22,131,85,38,47,79,100,74,45,1,Beds
Metro City,2024-03-04,Monday,3,Spring,0,300,0,50,0,40,10,131,83,41,42,72,100,100,75,1,Beds
Metro City,2024-03-05,Tuesday,3,Spring,0,300,5,50,13,40,15,116,85,43,42,66,98.33,74,62.5,1,Beds
Metro City,2024-03-06,Wednesday,3,Spring,0,300,0,50,0,40,15,121,85,44,41,66,100,100,62.5,1,Beds
Metro City,2024-03-07,Thursday,3,Spring,0,300,6,50,13,40,23,137,82,43,39,58,98,74,42.5,1,Beds
Metro City,2024-03-08,Friday,3,Spring,0,300,0,50,9,40,19,129,82,40,42,63,100,82,52.5,1,Beds
Metro City,2024-03-09,Saturday,3,Spring,1,300,0,50,11,40,24,125,81,33,48,62,100,78,40,1,Beds
Metro City,2024-03-10,Sunday,3,Spring,1,300,0,50,0,40,9,134,84,36,48,74,100,100,77.5,1,Beds
Metro City,2024-03-11,Monday,3,Spring,0,300,41,50,3,40,9,98,87,42,45,76,86.33,94,77.5,1,ICU
Metro City,2024-03-12,Tuesday,3,Spring,0,300,10,50,0,40,19,111,88,41,47,68,96.67,100,52.5,1,Beds
Metro City,2024-03-13,Wednesday,3,Spring,0,300,46,50,13,40,23,117,86,49,37,66,84.67,74,42.5,0,
Metro City,2024-03-14,Thursday,3,Spring,0,300,43,50,14,40,23,120,84,48,36,66,85.67,72,42.5,0,
Metro City,2024-03-15,Friday,3,Spring,0,300,56,50,7,40,11,102,84,45,39,63,81.33,86,72.5,0,
Metro City,2024-03-16,Saturday,3,Spring,1,300,4,50,8,40,19,92,81,38,43,76,98.67,84,52.5,1,Beds
Metro City,2024-03-17,Sunday,3,Spring,1,300,22,50,21,40,27,138,83,36,47,63,92.67,58,32.5,1,Beds
Metro City,2024-03-18,Monday,3,Spring,0,300,49,50,5,40,20,119,89,42,47,82,83.67,90,50,0,
Metro City,2024-03-19,Tuesday,3,Spring,0,300,27,50,23,40,23,127,80,35,45,59,91,54,42.5,1,Beds
Metro City,2024-03-20,Wednesday,3,Spring,0,300,0,50,0,40,13,105,81,42,39,71,100,100,67.5,1,Beds
Metro City,2024-03-21,Thursday,3,Spring,0,300,0,50,19,40,28,128,84,40,44,77,100,62,30,1,Beds
Metro City,2024-03-22,Friday,3,Spring,0,300,23,50,3,40,16,129,84,45,39,78,92.33,94,60,1,Beds
Metro City,2024-03-23,Saturday,3,Spring,1,300,0,50,12,40,20,114,82,36,46,66,100,76,50,1,Beds
Metro City,2024-03-24,Sunday,3,Spring,1,300,9,50,6,40,16,114,81,36,45,61,97,88,60,1,Beds
Metro City,2024-03-25,Monday,3,Spring,0,300,0,50,14,40,21,114,111,63,48,84,100,72,47.5,1,Beds
Metro City,2024-03-26,Tuesday,3,Spring,0,300,49,50,3,40,10,115,85,36,49,67,83.67,94,75,1,ICU
Metro City,2024-03-27,Wednesday,3,Spring,0,300,55,50,18,40,26,123,82,34,48,63,81.67,64,35,0,
Metro City,2024-03-28,Thursday,3,Spring,0,300,15,50,19,40,25,139,83,41,42,73,95,62,37.5,1,Beds
Metro City,2024-03-29,Friday,3,Spring,0,300,0,50,17,40,23,132,84,33,51,69,100,66,42.5,1,Beds
Metro City,2024-03-30,Saturday,3,Spring,1,300,64,50,15,40,25,119,82,46,36,65,78.67,70,37.5,0,
Metro City,2024-03-31,Sunday,3,Spring,1,300,0,50,13,40,19,128,86,47,39,66,100,74,52.5,1,Beds
Metro City,2024-04-01,Monday,4,Spring,0,300,18,50,11,40,16,106,82,46,36,69,94,78,60,1,Beds
Metro City,2024-04-02,Tuesday,4,Spring,0,300,53,50,5,40,19,114,85,49,36,60,82.33,90,52.5,0,
Metro City,2024-04-03,Wednesday,4,Spring,0,300,12,50,18,40,19,139,84,49,35,68,96,64,52.5,1,Beds
Metro City,2024-04-04,Thursday,4,Spring,0,300,41,50,2,40,12,106,84,41,43,63,86.33,96,70,1,ICU
Metro City,2024-04-05,Friday,4,Spring,0,300,29,50,0,40,12,133,117,49,68,101,90.33,100,70,1,Beds
Metro City,2024-04-06,Saturday,4,Spring,1,300,63,50,24,40,28,126,84,34,50,67,79,52,30,0,
Metro City,2024-04-07,Sunday,4,Spring,1,300,11,50,17,40,24,111,83,34,49,77,96.33,66,40,1,Beds
Metro City,2024-04-08,Monday,4,Spring,0,300,18,50,2,40,10,120,83,35,48,61,94,96,75,1,Beds
Metro City,2024-04-09,Tuesday,4,Spring,0,300,49,50,23,40,23,111,83,46,37,67,83.67,54,42.5,0,
Metro City,2024-04-10,Wednesday,4,Spring,0,300,7,50,18,40,24,120,84,43,41,76,97.67,64,40,1,Beds
Metro City,2024-04-11,Thursday,4,Spring,0,300,0,50,11,40,19,116,82,33,49,71,100,78,52.5,1,Beds
Metro City,2024-04-12,Friday,4,Spring,0,300,37,50,10,40,21,124,86,47,39,80,87.67,80,47.5,0,
Metro City,2024-04-13,Saturday,4,Spring,1,300,6,50,3,40,10,127,81,32,49,68,98,94,75,1,Beds
Metro City,2024-04-14,Sunday,4,Spring,1,300,29,50,12,40,19,119,84,44,40,71,90.33,76,52.5,1,Beds
Metro City,2024-04-15,Monday,4,Spring,0,300,0,50,1,40,16,113,85,45,40,73,100,98,60,1,Beds
Metro City,2024-04-16,Tuesday,4,Spring,0,300,22,50,4,40,15,140,85,45,40,67,92.67,92,62.5,1,Beds
Metro City,2024-04-17,Wednesday,4,Spring,0,300,46,50,16,40,21,138,88,36,52,82,84.67,68,47.5,0,
Metro City,2024-04-18,Thursday,4,Spring,0,300,0,50,3,40,18,131,85,40,45,62,100,94,55,1,Beds
Metro City,2024-04-19,Friday,4,Spring,0,300,27,50,0,40,13,128,82,40,42,63,91,100,67.5,1,Beds
Metro City,2024-04-20,Saturday,4,Spring,1,300,18,50,19,40,20,111,83,33,50,68,94,62,50,1,Beds
Metro City,2024-04-21,Sunday,4,Spring,1,300,0,50,6,40,16,111,112,50,62,91,100,88,60,1,Beds
Metro City,2024-04-22,Monday,4,Spring,0,300,52,50,2,40,9,124,84,47,37,79,82.67,96,77.5,1,ICU
Metro City,2024-04-23,Tuesday,4,Spring,0,300,3,50,13,40,15,125,82,41,41,66,99,74,62.5,1,Beds
Metro City,2024-04-24,Wednesday,4,Spring,0,300,32,50,3,40,11,102,85,45,40,77,89.33,94,72.5,1,ICU
Metro City,2024-04-25,Thursday,4,Spring,0,300,64,50,12,40,16,99,82,45,37,64,78.67,76,60,0,
Metro City,2024-04-26,Friday,4,Spring,0,300,11,50,19,40,19,111,83,35,48,67,96.33,62,52.5,1,Beds
Metro City,2024-04-27,Saturday,4,Spring,1,300,48,50,5,40,17,130,86,36,50,66,84,90,57.5,0,
Metro City,2024-04-28,Sunday,4,Spring,1,300,0,50,2,40,7,126,80,32,48,68,100,96,82.5,1,Beds
Metro City,2024-04-29,Monday,4,Spring,0,300,9,50,1,40,7,122,83,49,34,66,97,98,82.5,1,Beds
Metro City,2024-04-30,Tuesday,4,Spring,0,300,12,50,12,40,20,131,84,43,41,75,96,76,50,1,Beds
Metro City,2024-05-01,Wednesday,5,Spring,0,300,68,50,15,40,21,120,81,38,43,64,77.33,70,47.5,0,
Metro City,2024-05-02,Thursday,5,Spring,0,300,21,50,16,40,21,119,81,47,34,68,93,68,47.5,1,Beds
Metro City,2024-05-03,Friday,5,Spring,0,300,0,50,12,40,16,119,81,38,43,59,100,76,60,1,Beds
Metro City,2024-05-04,Saturday,5,Spring,1,300,38,50,20,40,27,113,82,32,50,66,87.33,60,32.5,0,
Metro City,2024-05-05,Sunday,5,Spring,1,300,62,50,24,40,24,132,83,47,36,68,79.33,52,40,0,
Metro City,2024-05-06,Monday,5,Spring,0,300,64,50,17,40,26,121,84,43,41,68,78.67,66,35,0,
Metro City,2024-05-07,Tuesday,5,Spring,0,300,16,50,21,40,26,113,84,46,38,58,94.67,58,35,1,Beds
Metro City,2024-05-08,Wednesday,5,Spring,0,300,47,50,13,40,20,111,85,38,47,78,84.33,74,50,0,
Metro City,2024-05-09,Thursday,5,Spring,0,300,51,50,23,40,26,127,80,44,36,59,83,54,35,0,
Metro City,2024-05-10,Friday,5,Spring,0,300,10,50,16,40,24,130,81,40,41,75,96.67,68,40,1,Beds
Metro City,2024-05-11,Saturday,5,Spring,1,300,0,50,13,40,24,112,86,38,48,77,100,74,40,1,Beds
Metro City,2024-05-12,Sunday,5,Spring,1,300,0,50,12,40,22,89,83,43,40,74,100,76,45,1,Beds
Metro City,2024-05-13,Monday,5,Spring,0,300,64,50,20,40,24,100,83,39,44,73,78.67,60,40,0,
Metro City,2024-05-14,Tuesday,5,Spring,0,300,22,50,10,40,17,122,85,46,39,72,92.67,80,57.5,1,Beds
Metro City,2024-05-15,Wednesday,5,Spring,0,300,0,50,18,40,25,113,88,35,53,73,100,64,37.5,1,Beds
Metro City,2024-05-16,Thursday,5,Spring,0,300,48,50,15,40,24,120,86,38,48,75,84,70,40,0,
Metro City,2024-05-17,Friday,5,Spring,0,300,57,50,10,40,16,121,86,42,44,77,81,80,60,0,
Metro City,2024-05-18,Saturday,5,Spring,1,300,60,50,22,40,22,139,84,49,35,74,80,56,45,0,
Metro City,2024-05-19,Sunday,5,Spring,1,300,10,50,0,40,16,129,81,38,43,71,96.67,100,60,1,Beds
Metro City,2024-05-20,Monday,5,Spring,0,300,0,50,0,40,16,121,87,35,52,82,100,100,60,1,Beds
Metro City,2024-05-21,Tuesday,5,Spring,0,300,0,50,0,40,18,123,80,36,44,70,100,100,55,1,Beds
Metro City,2024-05-22,Wednesday,5,Spring,0,300,0,50,0,40,8,120,84,36,48,64,100,100,80,1,Beds
Metro City,2024-05-23,Thursday,5,Spring,0,300,0,50,13,40,18,111,85,35,50,76,100,74,55,1,Beds
Metro City,2024-05-24,Friday,5,Spring,0,300,0,50,0,40,11,102,85,43,42,78,100,100,72.5,1,Beds
Metro City,2024-05-25,Saturday,5,Spring,1,300,42,50,11,40,23,125,82,43,39,63,86,78,42.5,0,
Metro City,2024-05-26,Sunday,5,Spring,1,300,0,50,14,40,20,116,80,36,44,56,100,72,50,1,Beds
Metro City,2024-05-27,Monday,5,Spring,0,300,0,50,1,40,10,110,84,35,49,68,100,98,75,1,Beds
Metro City,2024-05-28,Tuesday,5,Spring,0,300,0,50,0,40,14,134,114,46,68,108,100,100,65,1,Beds
Metro City,2024-05-29,Wednesday,5,Spring,0,300,30,50,5,40,20,110,84,38,46,65,90,90,50,0,
Metro City,2024-05-30,Thursday,5,Spring,0,300,24,50,0,40,10,112,83,49,34,58,92,100,75,1,Beds
Metro City,2024-05-31,Friday,5,Spring,0,300,10,50,2,40,9,111,81,35,46,74,96.67,96,77.5,1,Beds
Metro City,2024-06-01,Saturday,6,Summer,1,300,22,50,0,40,13,100,84,37,47,73,92.67,100,67.5,1,Beds
Metro City,2024-06-02,Sunday,6,Summer,1,300,0,50,9,40,23,123,82,47,35,74,100,82,42.5,1,Beds
Metro City,2024-06-03,Monday,6,Summer,0,300,0,50,20,40,25,124,86,47,39,62,100,60,37.5,1,Beds
Metro City,2024-06-04,Tuesday,6,Summer,0,300,14,50,8,40,18,109,88,49,39,74,95.33,84,55,1,Beds
Metro City,2024-06-05,Wednesday,6,Summer,0,300,14,50,21,40,24,120,87,42,45,62,95.33,58,40,1,Beds
Metro City,2024-06-06,Thursday,6,Summer,0,300,6,50,14,40,21,125,83,43,40,63,98,72,47.5,1,Beds
Metro City,2024-06-07,Friday,6,Summer,0,300,11,50,0,40,15,119,82,38,44,72,96.33,100,62.5,1,Beds
Metro City,2024-06-08,Saturday,6,Summer,1,300,0,50,14,40,23,111,83,33,50,70,100,72,42.5,1,Beds
Metro City,2024-06-09,Sunday,6,Summer,1,300,50,50,23,40,22,114,82,40,42,74,83.33,54,45,0,
Metro City,2024-06-10,Monday,6,Summer,0,300,0,50,0,40,8,124,85,42,43,74,100,100,80,1,Beds
Metro City,2024-06-11,Tuesday,6,Summer,0,300,6,50,0,40,14,129,80,39,41,72,98,100,65,1,Beds
Metro City,2024-06-12,Wednesday,6,Summer,0,300,0,50,8,40,19,110,83,34,49,62,100,84,52.5,1,Beds
Metro City,2024-06-13,Thursday,6,Summer,0,300,63,50,9,40,19,127,82,43,39,66,79,82,52.5,0,
Metro City,2024-06-14,Friday,6,Summer,0,300,30,50,2,40,18,119,82,39,43,57,90,96,55,1,ICU
Metro City,2024-06-15,Saturday,6,Summer,1,300,44,50,0,40,8,115,80,39,41,64,85.33,100,80,1,ICU
Metro City,2024-06-16,Sunday,6,Summer,1,300,54,50,16,40,21,126,84,34,50,66,82,68,47.5,0,
Metro City,2024-06-17,Monday,6,Summer,0,300,0,50,20,40,25,130,113,51,62,101,100,60,37.5,1,Beds
Metro City,2024-06-18,Tuesday,6,Summer,0,300,33,50,10,40,17,120,83,39,44,72,89,80,57.5,0,
Metro City,2024-06-19,Wednesday,6,Summer,0,300,16,50,17,40,21,113,82,41,41,68,94.67,66,47.5,1,Beds
Metro City,2024-06-20,Thursday,6,Summer,0,300,22,50,11,40,18,111,84,38,46,74,92.67,78,55,1,Beds
Metro City,2024-06-21,Friday,6,Summer,0,300,63,50,4,40,21,121,86,41,45,69,79,92,47.5,1,ICU
Metro City,2024-06-22,Saturday,6,Summer,1,300,0,50,7,40,18,120,80,45,35,67,100,86,55,1,Beds
Metro City,2024-06-23,Sunday,6,Summer,1,300,1,50,0,40,13,131,82,36,46,75,99.67,100,67.5,1,Beds
Metro City,2024-06-24,Monday,6,Summer,0,300,20,50,0,40,8,110,85,39,46,63,93.33,100,80,1,Beds
Metro City,2024-06-25,Tuesday,6,Summer,0,300,64,50,22,40,27,108,81,34,47,66,78.67,56,32.5,0,
Metro City,2024-06-26,Wednesday,6,Summer,0,300,0,50,4,40,14,135,85,46,39,62,100,92,65,1,Beds
Metro City,2024-06-27,Thursday,6,Summer,0,300,0,50,0,40,20,115,83,47,36,66,100,100,50,1,Beds
Metro City,2024-06-28,Friday,6,Summer,0,300,0,50,0,40,8,128,86,46,40,77,100,100,80,1,Beds
Metro City,2024-06-29,Saturday,6,Summer,1,300,23,50,17,40,22,134,111,49,62,79,92.33,66,45,1,Beds
Metro City,2024-06-30,Sunday,6,Summer,1,300,4,50,16,40,23,126,113,49,64,100,98.67,68,42.5,1,Beds
Metro City,2024-07-01,Monday,7,Summer,0,300,24,50,22,40,26,120,83,43,40,65,92,56,35,1,Beds
Metro City,2024-07-02,Tuesday,7,Summer,0,300,0,50,3,40,9,118,86,35,51,70,100,94,77.5,1,Beds
Metro City,2024-07-03,Wednesday,7,Summer,0,300,63,50,12,40,14,117,81,41,40,72,79,76,65,0,
Metro City,2024-07-04,Thursday,7,Summer,0,300,0,50,20,40,24,127,81,47,34,70,100,60,40,1,Beds
Metro City,2024-07-05,Friday,7,Summer,0,300,15,50,8,40,17,124,85,50,35,80,95,84,57.5,1,Beds
Metro City,2024-07-06,Saturday,7,Summer,1,300,53,50,4,40,19,117,85,50,35,62,82.33,92,52.5,1,ICU
Metro City,2024-07-07,Sunday,7,Summer,1,300,11,50,5,40,16,109,85,40,45,77,96.33,90,60,1,Beds
Metro City,2024-07-08,Monday,7,Summer,0,300,0,50,10,40,23,113,84,41,43,60,100,80,42.5,1,Beds
Metro City,2024-07-09,Tuesday,7,Summer,0,300,4,50,15,40,17,126,110,60,50,94,98.67,70,57.5,1,Beds
Metro City,2024-07-10,Wednesday,7,Summer,0,300,44,50,14,40,18,121,82,42,40,59,85.33,72,55,0,
Metro City,2024-07-11,Thursday,7,Summer,0,300,23,50,0,40,8,132,115,50,65,101,92.33,100,80,1,Beds
Metro City,2024-07-12,Friday,7,Summer,0,300,53,50,2,40,13,122,82,44,38,72,82.33,96,67.5,1,ICU
Metro City,2024-07-13,Saturday,7,Summer,1,300,35,50,14,40,17,135,84,40,44,78,88.33,72,57.5,0,
Metro City,2024-07-14,Sunday,7,Summer,1,300,11,50,15,40,20,115,82,42,40,69,96.33,70,50,1,Beds
Metro City,2024-07-15,Monday,7,Summer,0,300,5,50,12,40,24,130,86,51,35,79,98.33,76,40,1,Beds
Metro City,2024-07-16,Tuesday,7,Summer,0,300,20,50,14,40,23,125,118,48,70,82,93.33,72,42.5,1,Beds
Metro City,2024-07-17,Wednesday,7,Summer,0,300,0,50,0,40,14,125,81,43,38,64,100,100,65,1,Beds
Metro City,2024-07-18,Thursday,7,Summer,0,300,0,50,4,40,15,126,116,64,52,103,100,92,62.5,1,Beds
Metro City,2024-07-19,Friday,7,Summer,0,300,62,50,5,40,12,115,87,35,52,82,79.33,90,70,0,
Metro City,2024-07-20,Saturday,7,Summer,1,300,29,50,15,40,17,104,83,35,48,70,90.33,70,57.5,1,Beds
Metro City,2024-07-21,Sunday,7,Summer,1,300,0,50,0,40,13,109,84,47,37,68,100,100,67.5,1,Beds
Metro City,2024-07-22,Monday,7,Summer,0,300,53,50,7,40,11,115,84,46,38,62,82.33,86,72.5,0,
Metro City,2024-07-23,Tuesday,7,Summer,0,300,21,50,13,40,20,118,84,45,39,71,93,74,50,1,Beds
Metro City,2024-07-24,Wednesday,7,Summer,0,300,34,50,23,40,24,114,83,48,35,58,88.67,54,40,0,
Metro City,2024-07-25,Thursday,7,Summer,0,300,0,50,0,40,17,111,85,50,35,72,100,100,57.5,1,Beds
Metro City,2024-07-26,Friday,7,Summer,0,300,0,50,0,40,11,131,116,46,70,89,100,100,72.5,1,Beds
Metro City,2024-07-27,Saturday,7,Summer,1,300,14,50,7,40,19,128,83,41,42,67,95.33,86,52.5,1,Beds
Metro City,2024-07-28,Sunday,7,Summer,1,300,23,50,0,40,6,110,81,44,37,66,92.33,100,85,1,Beds
Metro City,2024-07-29,Monday,7,Summer,0,300,0,50,4,40,13,123,82,37,45,76,100,92,67.5,1,Beds
Metro City,2024-07-30,Tuesday,7,Summer,0,300,29,50,15,40,23,127,82,45,37,62,90.33,70,42.5,1,Beds
Metro City,2024-07-31,Wednesday,7,Summer,0,300,0,50,0,40,11,124,84,38,46,64,100,100,72.5,1,Beds
Metro City,2024-08-01,Thursday,8,Summer,0,300,50,50,18,40,27,102,82,35,47,62,83.33,64,32.5,0,
Metro City,2024-08-02,Friday,8,Summer,0,300,38,50,18,40,19,128,111,65,46,77,87.33,64,52.5,0,
Metro City,2024-08-03,Saturday,8,Summer,1,300,0,50,14,40,25,133,83,43,40,72,100,72,37.5,1,Beds
Metro City,2024-08-04,Sunday,8,Summer,1,300,63,50,26,40,28,117,81,43,38,58,79,48,30,0,
Metro City,2024-08-05,Monday,8,Summer,0,300,0,50,6,40,21,125,83,41,42,75,100,88,47.5,1,Beds
Metro City,2024-08-06,Tuesday,8,Summer,0,300,0,50,0,40,12,112,82,38,44,66,100,100,70,1,Beds
Metro City,2024-08-07,Wednesday,8,Summer,0,300,5,50,0,40,14,118,82,39,43,64,98.33,100,65,1,Beds
Metro City,2024-08-08,Thursday,8,Summer,0,300,5,50,1,40,14,131,80,39,41,64,98.33,98,65,1,Beds
Metro City,2024-08-09,Friday,8,Summer,0,300,58,50,11,40,21,142,80,45,35,59,80.67,78,47.5,0,
Metro City,2024-08-10,Saturday,8,Summer,1,300,0,50,0,40,10,112,85,36,49,65,100,100,75,1,Beds
Metro City,2024-08-11,Sunday,8,Summer,1,300,0,50,0,40,9,85,86,46,40,79,100,100,77.5,1,Beds
Metro City,2024-08-12,Monday,8,Summer,0,300,26,50,0,40,11,120,80,43,37,75,91.33,100,72.5,1,Beds
Metro City,2024-08-13,Tuesday,8,Summer,0,300,16,50,9,40,14,137,88,41,47,74,94.67,82,65,1,Beds
Metro City,2024-08-14,Wednesday,8,Summer,0,300,21,50,13,40,18,115,86,43,43,64,93,74,55,1,Beds
Metro City,2024-08-15,Thursday,8,Summer,0,300,46,50,24,40,27,122,81,47,34,63,84.67,52,32.5,0,
Metro City,2024-08-16,Friday,8,Summer,0,300,0,50,0,40,7,131,84,49,35,76,100,100,82.5,1,Beds
Metro City,2024-08-17,Saturday,8,Summer,1,300,40,50,12,40,18,132,83,45,38,68,86.67,76,55,0,
Metro City,2024-08-18,Sunday,8,Summer,1,300,0,50,0,40,10,105,83,48,35,75,100,100,75,1,Beds
Metro City,2024-08-19,Monday,8,Summer,0,300,32,50,9,40,22,123,83,39,44,75,89.33,82,45,0,
Metro City,2024-08-20,Tuesday,8,Summer,0,300,25,50,0,40,17,128,85,35,50,74,91.67,100,57.5,1,Beds
Metro City,2024-08-21,Wednesday,8,Summer,0,300,45,50,14,40,17,138,83,36,47,72,85,72,57.5,0,
Metro City,2024-08-22,Thursday,8,Summer,0,300,38,50,6,40,21,101,83,43,40,65,87.33,88,47.5,0,
Metro City,2024-08-23,Friday,8,Summer,0,300,0,50,7,40,13,109,82,34,48,68,100,86,67.5,1,Beds
Metro City,2024-08-24,Saturday,8,Summer,1,300,0,50,0,40,15,111,90,44,46,70,100,100,62.5,1,Beds
Metro City,2024-08-25,Sunday,8,Summer,1,300,0,50,4,40,20,131,84,43,41,66,100,92,50,1,Beds
Metro City,2024-08-26,Monday,8,Summer,0,300,32,50,5,40,19,121,84,46,38,59,89.33,90,52.5,0,
Metro City,2024-08-27,Tuesday,8,Summer,0,300,27,50,12,40,20,125,83,34,49,73,91,76,50,1,Beds
Metro City,2024-08-28,Wednesday,8,Summer,0,300,0,50,12,40,19,123,81,42,39,64,100,76,52.5,1,Beds
Metro City,2024-08-29,Thursday,8,Summer,0,300,34,50,9,40,19,126,81,37,44,75,88.67,82,52.5,0,
Metro City,2024-08-30,Friday,8,Summer,0,300,29,50,14,40,18,122,84,46,38,63,90.33,72,55,1,Beds
Metro City,2024-08-31,Saturday,8,Summer,1,300,0,50,10,40,21,116,113,60,53,107,100,80,47.5,1,Beds
Metro City,2024-09-01,Sunday,9,Autumn,1,300,63,50,21,40,27,109,80,45,35,75,79,58,32.5,0,
Metro City,2024-09-02,Monday,9,Autumn,0,300,0,50,16,40,21,127,85,39,46,65,100,68,47.5,1,Beds
Metro City,2024-09-03,Tuesday,9,Autumn,0,300,35,50,21,40,28,119,83,41,42,72,88.33,58,30,0,
Metro City,2024-09-04,Wednesday,9,Autumn,0,300,35,50,11,40,14,128,88,43,45,81,88.33,78,65,0,
Metro City,2024-09-05,Thursday,9,Autumn,0,300,58,50,4,40,13,104,85,44,41,61,80.67,92,67.5,1,ICU
Metro City,2024-09-06,Friday,9,Autumn,0,300,47,50,24,40,30,109,81,40,41,68,84.33,52,25,0,
Metro City,2024-09-07,Saturday,9,Autumn,1,300,10,50,0,40,18,97,86,46,40,66,96.67,100,55,1,Beds
Metro City,2024-09-08,Sunday,9,Autumn,1,300,37,50,10,40,16,108,86,49,37,65,87.67,80,60,0,
Metro City,2024-09-09,Monday,9,Autumn,0,300,0,50,19,40,23,115,83,34,49,76,100,62,42.5,1,Beds
Metro City,2024-09-10,Tuesday,9,Autumn,0,300,31,50,2,40,9,113,83,33,50,78,89.67,96,77.5,1,ICU
Metro City,2024-09-11,Wednesday,9,Autumn,0,300,51,50,11,40,18,135,81,35,46,64,83,78,55,0,
Metro City,2024-09-12,Thursday,9,Autumn,0,300,0,50,9,40,20,117,84,45,39,76,100,82,50,1,Beds
Metro City,2024-09-13,Friday,9,Autumn,0,300,0,50,0,40,19,118,82,37,45,66,100,100,52.5,1,Beds
Metro City,2024-09-14,Saturday,9,Autumn,1,300,0,50,11,40,22,122,83,41,42,64,100,78,45,1,Beds
Metro City,2024-09-15,Sunday,9,Autumn,1,300,0,50,4,40,14,133,83,41,42,58,100,92,65,1,Beds
Metro City,2024-09-16,Monday,9,Autumn,0,300,0,50,8,40,12,114,83,48,35,66,100,84,70,1,Beds
Metro City,2024-09-17,Tuesday,9,Autumn,0,300,38,50,1,40,19,118,85,47,38,67,87.33,98,52.5,1,ICU
Metro City,2024-09-18,Wednesday,9,Autumn,0,300,0,50,5,40,20,104,113,66,47,97,100,90,50,1,Beds
Metro City,2024-09-19,Thursday,9,Autumn,0,300,8,50,0,40,9,127,89,42,47,83,97.33,100,77.5,1,Beds
Metro City,2024-09-20,Friday,9,Autumn,0,300,0,50,6,40,17,129,114,50,64,81,100,88,57.5,1,Beds
Metro City,2024-09-21,Saturday,9,Autumn,1,300,8,50,9,40,17,109,83,41,42,70,97.33,82,57.5,1,Beds
Metro City,2024-09-22,Sunday,9,Autumn,1,300,0,50,1,40,17,119,88,43,45,74,100,98,57.5,1,Beds
Metro City,2024-09-23,Monday,9,Autumn,0,300,61,50,16,40,20,117,83,34,49,62,79.67,68,50,0,
Metro City,2024-09-24,Tuesday,9,Autumn,0,300,0,50,9,40,21,120,85,36,49,79,100,82,47.5,1,Beds
Metro City,2024-09-25,Wednesday,9,Autumn,0,300,0,50,6,40,13,115,83,47,36,59,100,88,67.5,1,Beds
Metro City,2024-09-26,Thursday,9,Autumn,0,300,6,50,0,40,19,117,111,46,65,94,98,100,52.5,1,Beds
